customer_id,country,customer_age,customer_gender
1,United States,39,Female
2,United Kingdom,46,Female
3,Germany,29,Male
4,United States,35,Female
5,France,45,Other
6,Germany,56,Male
7,Germany,56,Other
8,France,37,Male
9,Japan,45,Male
10,France,35,Other
11,United States,34,Male
12,France,57,Other
13,United States,50,Other
14,Japan,29,Female
15,Japan,48,Female
16,Japan,39,Male
17,United Kingdom,37,Female
18,United States,35,Female
19,Japan,38,Other
20,France,46,Female
21,United States,30,Other
22,United States,43,Other
23,France,35,Male
24,France,43,Female
25,Germany,53,Female
26,Japan,46,Other
27,United States,50,Male
28,United Kingdom,30,Other
29,Germany,29,Other
30,Germany,54,Male
31,United States,50,Female
32,Germany,31,Female
33,United Kingdom,42,Other
34,United Kingdom,47,Male
35,United Kingdom,40,Male
36,United States,47,Other
37,France,63,Female
38,France,36,Female
39,United States,35,Male
40,Germany,52,Female
41,France,44,Male
42,Japan,28,Female
43,France,30,Female
44,Germany,44,Male
45,United States,41,Other
46,Japan,47,Male
47,United Kingdom,45,Female
48,Japan,44,Other
49,United Kingdom,38,Male
50,Japan,19,Female
51,United Kingdom,50,Other
52,Germany,41,Other
53,Germany,51,Female
54,France,64,Female
55,France,37,Other
56,United Kingdom,27,Male
57,France,49,Female
58,United Kingdom,47,Male
59,France,39,Female
60,United Kingdom,40,Male
61,France,43,Female
62,United States,40,Other
63,United Kingdom,40,Male
64,France,39,Male
65,United Kingdom,32,Female
66,Japan,24,Other
67,Japan,28,Other
68,France,38,Other
69,France,37,Female
70,United States,33,Male
71,France,44,Male
72,France,46,Female
73,Japan,38,Other
74,Japan,32,Female
75,Germany,49,Female
76,France,19,Female
77,Japan,32,Other
78,United Kingdom,40,Female
79,United Kingdom,58,Male
80,Germany,39,Male
81,France,52,Female
82,United States,51,Female
83,Germany,49,Other
84,Germany,46,Male
85,France,53,Female
86,Germany,38,Male
87,Japan,36,Other
88,Germany,79,Female
89,France,33,Male
90,France,42,Male
91,Germany,57,Other
92,United States,41,Female
93,United States,38,Male
94,Japan,43,Male
95,Japan,37,Male
96,France,41,Male
97,France,52,Other
98,United Kingdom,21,Male
99,Germany,71,Male
100,Japan,27,Other
101,Germany,38,Male
102,United Kingdom,50,Other
103,Japan,39,Other
104,Germany,56,Female
105,United Kingdom,21,Female
106,Japan,24,Other
107,France,24,Female
108,Japan,36,Other
109,United States,18,Male
110,Germany,22,Female
111,United States,34,Male
112,United Kingdom,40,Female
113,United Kingdom,41,Other
114,United Kingdom,36,Other
115,United Kingdom,45,Female
116,United Kingdom,52,Male
117,United States,47,Male
118,United States,42,Female
119,France,34,Other
120,Japan,24,Female
121,United Kingdom,38,Female
122,United Kingdom,44,Male
123,Japan,26,Female
124,France,54,Other
125,Japan,47,Other
126,United Kingdom,31,Male
127,Japan,20,Male
128,United Kingdom,33,Male
129,Japan,29,Other
130,USA,46,Other
131,Japan,46,Other
132,Japan,27,Male
133,United States,51,Male
134,Japan,23,Male
135,United Kingdom,49,Female
136,France,49,Female
137,United States,38,Other
138,United States,53,Female
139,Japan,24,Other
140,United States,36,Other
141,Germany,55,Other
142,United States,32,Other
143,United States,48,Other
144,France,49,Other
145,France,56,Female
146,United States,44,Male
147,United States,39,Female
148,United States,52,Other
149,United Kingdom,47,Female
150,United States,54,Female
151,United States,46,Other
152,France,62,Female
153,France,22,Male
154,United Kingdom,44,Female
155,United Kingdom,46,Male
156,Germany,35,Female
157,France,52,Male
158,United States,61,Other
159,France,57,Female
160,Japan,36,Male
161,France,37,Other
162,Germany,49,Male
163,France,41,Female
164,Germany,64,Female
165,United Kingdom,52,Other
166,United Kingdom,35,Female
167,Japan,32,Other
168,United Kingdom,44,Female
169,Germany,30,Female
170,France,53,Other
171,Japan,45,Other
172,Germany,50,Male
173,United States,45,Other
174,United States,35,Female
175,Germany,63,Other
176,Japan,47,Male
177,United States,39,Male
178,United States,39,Other
179,United States,64,Female
180,United States,37,Female
181,United States,51,Other
182,United Kingdom,38,Female
183,France,34,Male
184,Japan,28,Other
185,Germany,40,Other
186,United States,36,Other
187,Germany,64,Other
188,France,64,Female
189,France,59,Male
190,Japan,30,Other
191,France,42,Female
192,Germany,81,Other
193,United Kingdom,49,Male
194,United States,48,Female
195,France,40,Female
196,Germany,80,Male
197,United Kingdom,49,Female
198,Japan,33,Male
199,United States,48,Female
200,France,43,Female
201,United Kingdom,32,Other
202,United Kingdom,26,Other
203,Germany,35,Male
204,United States,42,Male
205,France,21,Male
206,France,49,Other
207,Japan,37,Other
208,Japan,23,Female
209,Germany,43,Other
210,United States,54,Other
211,France,64,Other
212,Japan,38,Male
213,United States,30,Other
214,United Kingdom,37,Other
215,Japan,41,Other
216,Japan,37,Other
217,Germany,53,Other
218,Japan,42,Female
219,United Kingdom,52,Male
220,France,56,Female
221,United Kingdom,30,Male
222,France,61,Female
223,United States,30,Male
224,Japan,21,Other
225,Germany,79,Female
226,Germany,35,Other
227,Germany,57,Female
228,France,36,Male
229,Japan,30,Male
230,France,54,Other
231,France,52,Other
232,United States,38,Female
233,United States,29,Female
234,France,56,Other
235,Germany,50,Male
236,United States,38,Other
237,Japan,32,Female
238,Japan,27,Other
239,United Kingdom,47,Other
240,Japan,45,Other
241,Japan,18,Male
242,Germany,88,Female
243,France,40,Female
244,United States,46,Male
245,Japan,23,Other
246,United States,38,Male
247,Germany,63,Male
248,United Kingdom,53,Female
249,United States,26,Male
250,Germany,65,Other
251,Japan,36,Male
252,France,23,Female
253,United Kingdom,47,Female
254,United States,47,Male
255,Japan,41,Female
256,Germany,44,Female
257,United Kingdom,25,Other
258,Germany,26,Other
259,Germany,59,Other
260,France,31,Female
261,France,24,Other
262,France,33,Other
263,France,40,Other
264,Japan,36,Male
265,Germany,46,Male
266,United Kingdom,35,Other
267,Germany,41,Other
268,France,65,Other
269,Japan,43,Other
270,France,49,Female
271,Japan,43,Male
272,Japan,50,Male
273,France,29,Female
274,Japan,26,Male
275,Japan,24,Female
276,United States,31,Other
277,Germany,41,Male
278,United Kingdom,36,Female
279,Germany,59,Other
280,United Kingdom,29,Female
281,France,40,Other
282,France,37,Female
283,Japan,40,Male
284,France,38,Male
285,Germany,55,Other
286,France,46,Other
287,United States,20,Male
288,United Kingdom,42,Female
289,United Kingdom,42,Male
290,France,42,Other
291,Japan,25,Female
292,Japan,51,Male
293,United States,49,Other
294,United Kingdom,49,Male
295,United Kingdom,40,Other
296,France,37,Female
297,United Kingdom,47,Other
298,Japan,30,Female
299,United Kingdom,37,Female
300,Germany,71,Male
301,Germany,55,Female
302,United States,38,Female
303,Germany,70,Other
304,Japan,46,Female
305,France,49,Other
306,United States,61,Male
307,Germany,38,Other
308,United States,31,Other
309,Germany,65,Other
310,Japan,35,Male
311,United States,31,Female
312,United Kingdom,40,Male
313,Germany,21,Female
314,Japan,35,Other
315,United Kingdom,44,Female
316,United Kingdom,46,Other
317,Japan,22,Other
318,France,38,Other
319,United States,48,Female
320,United States,38,Male
321,United States,23,Other
322,United Kingdom,30,Other
323,United Kingdom,27,Other
324,Japan,41,Male
325,United Kingdom,26,Female
326,Germany,41,Other
327,United Kingdom,27,Male
328,United Kingdom,45,Male
329,Germany,44,Male
330,France,26,Male
331,Germany,59,Female
332,Japan,26,Female
333,United States,44,Male
334,United States,31,Other
335,United Kingdom,34,Other
336,Japan,46,Other
337,United States,56,Female
338,United Kingdom,44,Male
339,United Kingdom,39,Female
340,United States,42,Male
341,Germany,39,Male
342,United States,46,Male
343,United Kingdom,39,Female
344,Germany,46,Other
345,United Kingdom,38,Female
346,United States,54,Female
347,France,31,Other
348,France,20,Male
349,Germany,73,Other
350,United Kingdom,26,Female
351,Japan,45,Male
352,Germany,22,Other
353,United Kingdom,46,Male
354,United Kingdom,26,Other
355,United States,44,Other
356,United Kingdom,33,Female
357,United Kingdom,31,Other
358,United Kingdom,30,Male
359,France,39,Other
360,France,43,Other
361,United Kingdom,41,Other
362,United States,43,Other
363,United Kingdom,41,Male
364,United Kingdom,39,Male
365,Japan,27,Other
366,Germany,35,Male
367,Japan,28,Male
368,France,41,Male
369,United Kingdom,41,Female
370,Japan,31,Other
371,Germany,57,Female
372,Germany,35,Male
373,United Kingdom,36,Other
374,United Kingdom,42,Male
375,Japan,26,Other
376,Germany,87,Other
377,Japan,43,Male
378,Germany,50,Female
379,France,56,Male
380,Japan,50,Female
381,United Kingdom,54,Male
382,Germany,45,Male
383,United States,44,Male
384,Germany,44,Female
385,Japan,28,Male
386,United Kingdom,32,Female
387,United Kingdom,39,Female
388,United States,66,Male
389,Germany,21,Female
390,France,31,Female
391,France,42,Female
392,Japan,39,Female
393,Germany,34,Other
394,United States,35,Male
395,Japan,43,Other
396,Japan,44,Male
397,Japan,36,Male
398,United States,59,Male
399,France,35,Female
400,Germany,50,Female
401,United Kingdom,58,Other
402,Japan,34,Male
403,Germany,35,Male
404,United States,58,Female
405,Germany,44,Other
406,Japan,33,Female
407,United Kingdom,54,Female
408,France,25,Female
409,United States,27,Female
410,United States,58,Other
411,United Kingdom,46,Other
412,Japan,34,Male
413,France,20,Male
414,Japan,28,Female
415,Japan,36,Other
416,Japan,39,Other
417,Japan,30,Male
418,United Kingdom,32,Other
419,United States,40,Male
420,France,34,Male
421,Germany,59,Other
422,France,59,Male
423,Germany,38,Male
424,France,53,Female
425,France,51,Female
426,United Kingdom,30,Other
427,France,46,Female
428,Japan,34,Other
429,France,35,Female
430,France,58,Other
431,France,42,Other
432,France,43,Male
433,Japan,48,Male
434,United Kingdom,33,Other
435,United States,34,Female
436,France,43,Other
437,United States,62,Female
438,Japan,36,Other
439,Germany,51,Female
440,United States,39,Male
441,United States,40,Other
442,Germany,36,Male
443,Germany,47,Male
444,Germany,74,Other
445,United States,33,Female
446,France,44,Female
447,Germany,34,Other
448,United States,43,Other
449,United Kingdom,40,Other
450,Japan,39,Male
451,Japan,33,Female
452,United States,46,Male
453,United States,49,Male
454,United Kingdom,57,Male
455,France,30,Other
456,United Kingdom,41,Female
457,Japan,33,Female
458,United Kingdom,36,Male
459,Germany,50,Other
460,Germany,45,Other
461,United Kingdom,44,Male
462,Japan,28,Female
463,Japan,42,Female
464,United Kingdom,68,Male
465,United Kingdom,34,Male
466,Japan,32,Female
467,United States,26,Other
468,Germany,55,Female
469,France,34,Female
470,Germany,36,Female
471,United States,47,Male
472,United States,35,Male
473,United Kingdom,47,Male
474,United Kingdom,52,Other
475,Japan,36,Male
476,Japan,47,Male
477,United Kingdom,34,Other
478,United Kingdom,45,Male
479,United Kingdom,43,Female
480,United States,60,Male
481,Japan,36,Male
482,United States,18,Male
483,United States,44,Other
484,Germany,63,Other
485,Germany,29,Female
486,United Kingdom,45,Other
487,Japan,35,Other
488,United States,21,Male
489,France,27,Male
490,Japan,42,Male
491,France,60,Other
492,Germany,52,Other
493,France,57,Male
494,Japan,35,Female
495,United States,41,Male
496,Germany,45,Female
497,United Kingdom,43,Female
498,France,44,Female
499,Japan,24,Other
500,United Kingdom,32,Female
501,Germany,23,Other
502,Germany,61,Male
503,United States,54,Other
504,Japan,37,Female
505,France,38,Female
506,Germany,41,Other
507,Germany,53,Female
508,United States,18,Male
509,Germany,44,Other
510,United Kingdom,32,Male
511,France,41,Female
512,France,30,Other
513,Germany,68,Other
514,United States,48,Male
515,Germany,37,Male
516,Japan,33,Female
517,Germany,48,Male
518,United States,32,Male
519,France,53,Male
520,France,50,Other
521,United Kingdom,49,Female
522,Germany,56,Other
523,Japan,44,Other
524,France,54,Male
525,Japan,24,Other
526,Japan,35,Male
527,United States,28,Female
528,United Kingdom,37,Other
529,Japan,26,Other
530,United States,49,Other
531,Japan,33,Female
532,United Kingdom,33,Female
533,United States,30,Male
534,Germany,59,Male
535,Germany,44,Male
536,United Kingdom,34,Other
537,Germany,52,Male
538,Japan,48,Male
539,France,52,Female
540,Japan,32,Female
541,Japan,20,Other
542,United States,26,Male
543,Japan,40,Other
544,Japan,32,Male
545,United States,41,Other
546,United Kingdom,49,Female
547,Germany,58,Other
548,France,34,Male
549,Germany,23,Other
550,Japan,47,Other
551,United Kingdom,36,Other
552,Japan,39,Female
553,United States,43,Other
554,Japan,41,Male
555,Japan,40,Other
556,France,47,Female
557,United Kingdom,40,Female
558,Germany,33,Other
559,United States,44,Other
560,Japan,22,Other
561,United Kingdom,40,Other
562,United States,42,Male
563,United Kingdom,42,Female
564,United States,32,Other
565,France,50,Female
566,United States,47,Other
567,United States,25,Male
568,United States,46,Male
569,Germany,39,Male
570,France,48,Male
571,Germany,39,Female
572,France,43,Female
573,France,28,Male
574,United States,28,Female
575,Germany,53,Other
576,Japan,38,Other
577,Japan,36,Male
578,Germany,29,Other
579,United States,21,Other
580,United States,38,Male
581,Japan,24,Other
582,France,36,Female
583,Japan,31,Other
584,France,28,Female
585,Germany,29,Male
586,United States,40,Female
587,Germany,29,Female
588,France,37,Male
589,United States,46,Male
590,United Kingdom,59,Female
591,Germany,44,Male
592,United States,18,Male
593,United Kingdom,58,Other
594,United States,50,Female
595,Japan,43,Male
596,Japan,30,Other
597,Germany,34,Other
598,France,59,Male
599,Germany,59,Female
600,Germany,57,Female
601,Germany,44,Male
602,United States,42,Other
603,Germany,68,Male
604,United Kingdom,41,Female
605,Germany,58,Male
606,Japan,45,Female
607,Germany,69,Male
608,Germany,36,Female
609,Japan,41,Other
610,United Kingdom,31,Female
611,United States,38,Other
612,United States,58,Female
613,Japan,34,Other
614,United Kingdom,60,Female
615,United States,43,Other
616,Germany,43,Other
617,United Kingdom,42,Other
618,United Kingdom,53,Other
619,United Kingdom,41,Female
620,Japan,35,Female
621,Germany,39,Other
622,France,54,Other
623,Japan,32,Other
624,France,50,Female
625,United Kingdom,44,Other
626,United Kingdom,38,Female
627,Germany,43,Female
628,Germany,25,Female
629,Germany,43,Female
630,France,43,Female
631,France,34,Female
632,United Kingdom,44,Male
633,France,58,Other
634,United States,30,Male
635,United Kingdom,28,Female
636,United Kingdom,33,Female
637,United States,41,Male
638,United States,32,Other
639,Japan,35,Male
640,France,39,Female
641,Japan,42,Male
642,Japan,43,Female
643,Germany,69,Other
644,United Kingdom,45,Other
645,Germany,38,Female
646,United Kingdom,39,Male
647,United States,38,Female
648,France,47,Female
649,Japan,43,Male
650,Germany,24,Other
651,Germany,36,Male
652,Japan,38,Female
653,United Kingdom,38,Female
654,United States,21,Female
655,United Kingdom,31,Other
656,France,49,Female
657,Germany,52,Female
658,France,36,Other
659,Germany,51,Male
660,Japan,30,Other
661,Germany,41,Male
662,Germany,27,Female
663,France,45,Male
664,France,41,Male
665,United Kingdom,36,Male
666,United States,53,Male
667,Japan,36,Female
668,Japan,30,Other
669,United Kingdom,29,Other
670,Japan,31,Male
671,Japan,45,Other
672,France,42,Other
673,France,56,Female
674,France,49,Female
675,Japan,43,Female
676,United Kingdom,38,Male
677,Germany,55,Male
678,Germany,52,Other
679,France,48,Female
680,France,39,Female
681,Japan,42,Male
682,Germany,22,Male
683,Japan,24,Other
684,United States,43,Other
685,United Kingdom,36,Female
686,Japan,20,Female
687,France,35,Male
688,United Kingdom,42,Male
689,France,24,Male
690,Germany,54,Male
691,France,39,Male
692,United States,44,Female
693,Germany,34,Male
694,Japan,26,Female
695,United Kingdom,52,Male
696,United States,19,Male
697,United Kingdom,33,Other
698,Japan,26,Male
699,Japan,43,Other
700,France,43,Female
701,United Kingdom,46,Female
702,Japan,18,Male
703,Germany,18,Male
704,Germany,49,Other
705,Japan,28,Male
706,United States,35,Female
707,United Kingdom,30,Female
708,Japan,40,Male
709,United States,31,Female
710,Japan,33,Female
711,Germany,45,Other
712,Germany,33,Female
713,United Kingdom,33,Female
714,Japan,53,Other
715,United States,35,Female
716,France,45,Male
717,United States,49,Other
718,France,60,Other
719,United Kingdom,52,Male
720,United States,32,Other
721,United States,32,Other
722,Germany,51,Female
723,France,40,Male
724,Japan,48,Female
725,Germany,39,Male
726,France,50,Other
727,France,43,Male
728,Japan,30,Female
729,United Kingdom,49,Male
730,United Kingdom,50,Other
731,Germany,43,Male
732,United Kingdom,40,Female
733,United Kingdom,50,Female
734,United States,47,Female
735,United States,20,Female
736,United Kingdom,45,Male
737,United States,27,Other
738,United Kingdom,29,Other
739,France,52,Female
740,United States,42,Male
741,Germany,52,Male
742,United Kingdom,53,Male
743,Germany,37,Male
744,United States,45,Female
745,Germany,46,Other
746,United Kingdom,38,Male
747,Germany,33,Male
748,France,50,Other
749,United Kingdom,33,Female
750,United States,43,Other
751,Germany,30,Male
752,Japan,27,Other
753,France,58,Female
754,Japan,43,Male
755,France,50,Other
756,Germany,18,Other
757,United States,40,Other
758,Japan,37,Male
759,France,25,Other
760,Germany,50,Male
761,France,50,Male
762,United States,47,Other
763,France,37,Female
764,United Kingdom,32,Female
765,United States,52,Female
766,Germany,35,Other
767,Germany,50,Male
768,France,51,Male
769,Germany,55,Male
770,France,40,Other
771,Japan,45,Female
772,Germany,22,Other
773,France,45,Other
774,United States,30,Male
775,Germany,56,Male
776,United Kingdom,38,Male
777,France,54,Male
778,France,54,Female
779,United States,24,Other
780,France,54,Male
781,United States,39,Male
782,United States,22,Other
783,Germany,18,Other
784,Germany,49,Female
785,Japan,31,Male
786,United States,47,Male
787,France,44,Male
788,United Kingdom,45,Male
789,Japan,51,Male
790,Japan,34,Female
791,Japan,43,Other
792,United States,46,Female
793,France,50,Male
794,United States,45,Male
795,Japan,30,Other
796,Japan,44,Male
797,United States,47,Male
798,Japan,36,Other
799,Japan,46,Female
800,France,41,Male
801,Japan,39,Female
802,France,53,Female
803,United Kingdom,36,Male
804,Japan,35,Other
805,United Kingdom,50,Female
806,United States,34,Female
807,Japan,46,Female
808,United Kingdom,46,Female
809,France,67,Other
810,France,42,Male
811,Germany,50,Female
812,United Kingdom,55,Female
813,Germany,31,Male
814,Germany,47,Female
815,United Kingdom,59,Other
816,France,53,Female
817,United Kingdom,33,Female
818,France,40,Other
819,United Kingdom,43,Female
820,Germany,34,Female
821,United Kingdom,45,Other
822,France,34,Female
823,France,42,Other
824,Germany,42,Female
825,United Kingdom,46,Male
826,France,83,Female
827,France,28,Male
828,United States,21,Other
829,Germany,40,Other
830,France,60,Male
831,France,34,Other
832,Japan,18,Other
833,France,45,Male
834,Japan,33,Female
835,Germany,34,Male
836,Japan,44,Other
837,United States,44,Other
838,Germany,51,Other
839,Germany,49,Female
840,United States,26,Other
841,France,52,Female
842,United Kingdom,38,Female
843,France,40,Male
844,United Kingdom,35,Other
845,Germany,47,Male
846,Japan,40,Male
847,United Kingdom,47,Other
848,United States,42,Female
849,Germany,53,Male
850,Japan,36,Female
851,United Kingdom,40,Female
852,France,18,Female
853,Japan,44,Female
854,Germany,72,Male
855,United Kingdom,46,Male
856,France,48,Male
857,United Kingdom,34,Female
858,United Kingdom,41,Female
859,Japan,22,Male
860,United States,42,Female
861,United Kingdom,41,Other
862,France,48,Other
863,Japan,49,Female
864,France,44,Female
865,United Kingdom,64,Other
866,United Kingdom,51,Other
867,United States,41,Other
868,Germany,54,Other
869,United States,61,Male
870,United States,39,Male
871,France,33,Male
872,United States,36,Female
873,France,58,Male
874,Japan,33,Female
875,Japan,30,Female
876,United States,54,Other
877,Japan,33,Male
878,United Kingdom,40,Female
879,France,37,Female
880,Japan,32,Male
881,United States,26,Female
882,France,37,Male
883,France,40,Other
884,France,34,Female
885,Japan,52,Female
886,France,43,Other
887,United Kingdom,42,Other
888,United States,43,Other
889,United Kingdom,43,Male
890,France,45,Male
891,United Kingdom,40,Other
892,Germany,50,Male
893,United Kingdom,45,Male
894,Japan,28,Female
895,United States,24,Other
896,United States,27,Male
897,France,42,Female
898,Germany,34,Male
899,Japan,33,Other
900,United States,57,Other
901,France,42,Other
902,Germany,40,Female
903,United Kingdom,52,Other
904,Germany,33,Other
905,United Kingdom,36,Female
906,Germany,40,Male
907,Japan,37,Other
908,Germany,54,Female
909,United Kingdom,23,Male
910,United States,18,Male
911,United Kingdom,40,Female
912,Japan,29,Other
913,France,51,Other
914,Germany,43,Other
915,United States,43,Other
916,United Kingdom,49,Male
917,United States,47,Female
918,United States,47,Other
919,United Kingdom,58,Other
920,France,54,Other
921,Germany,70,Other
922,Germany,62,Other
923,Japan,38,Other
924,Japan,33,Female
925,United Kingdom,50,Other
926,United Kingdom,44,Other
927,Japan,35,Male
928,United Kingdom,37,Other
929,Germany,38,Male
930,United States,51,Other
931,France,41,Male
932,Germany,63,Female
933,United States,42,Other
934,Germany,39,Other
935,United Kingdom,20,Other
936,United States,45,Other
937,United States,53,Male
938,Japan,37,Female
939,Germany,38,Other
940,Japan,51,Female
941,Japan,46,Female
942,United States,63,Male
943,United States,48,Other
944,France,27,Other
945,France,67,Other
946,United States,42,Male
947,Japan,44,Female
948,Japan,39,Other
949,United Kingdom,39,Male
950,France,46,Female
951,France,45,Other
952,United Kingdom,56,Male
953,Germany,54,Male
954,Germany,44,Male
955,Germany,24,Male
956,France,57,Male
957,Germany,66,Other
958,Japan,30,Female
959,Japan,41,Female
960,Germany,60,Other
961,France,63,Male
962,United Kingdom,47,Male
963,United Kingdom,38,Other
964,Germany,52,Male
965,France,49,Female
966,France,46,Male
967,United States,52,Female
968,Japan,48,Male
969,Japan,40,Female
970,Germany,42,Other
971,United Kingdom,34,Other
972,Japan,51,Other
973,Germany,41,Male
974,United Kingdom,41,Female
975,Germany,40,Male
976,France,46,Female
977,Japan,43,Other
978,Germany,38,Male
979,Germany,42,Female
980,Japan,27,Other
981,France,37,Female
982,Germany,56,Other
983,United Kingdom,66,Other
984,Japan,48,Male
985,United States,55,Other
986,United Kingdom,52,Female
987,France,45,Male
988,Japan,41,Other
989,United Kingdom,39,Male
990,Germany,55,Female
991,United States,41,Male
992,Japan,28,Other
993,United Kingdom,51,Female
994,United States,45,Other
995,Germany,34,Male
996,United States,38,Female
997,France,47,Male
998,Germany,42,Female
999,United Kingdom,40,Other
1000,United States,41,Other
1001,Japan,26,Female
1002,United States,52,Other
1003,United Kingdom,45,Other
1004,Japan,33,Other
1005,France,43,Male
1006,United Kingdom,30,Female
1007,France,52,Female
1008,United States,29,Other
1009,United Kingdom,34,Female
1010,Germany,59,Female
1011,United Kingdom,33,Other
1012,Germany,38,Female
1013,United States,46,Male
1014,Japan,27,Other
1015,United Kingdom,38,Female
1016,Germany,26,Female
1017,Japan,33,Other
1018,United States,59,Male
1019,United States,45,Female
1020,United Kingdom,53,Other
1021,France,48,Other
1022,Japan,40,Male
1023,Japan,50,Male
1024,France,42,Male
1025,Germany,27,Male
1026,France,30,Other
1027,Japan,44,Male
1028,Germany,53,Male
1029,Japan,30,Male
1030,France,53,Female
1031,Germany,36,Female
1032,United Kingdom,43,Male
1033,France,38,Female
1034,United Kingdom,64,Female
1035,United Kingdom,40,Female
1036,France,46,Other
1037,United Kingdom,50,Other
1038,France,31,Male
1039,Japan,28,Female
1040,Germany,64,Female
1041,United States,36,Other
1042,France,34,Other
1043,Japan,40,Female
1044,Germany,48,Other
1045,United Kingdom,45,Other
1046,France,34,Male
1047,Japan,46,Female
1048,United Kingdom,41,Female
1049,Japan,28,Other
1050,United Kingdom,33,Other
1051,France,70,Other
1052,Japan,28,Male
1053,United States,45,Male
1054,United Kingdom,45,Other
1055,France,59,Male
1056,Germany,48,Male
1057,United Kingdom,46,Other
1058,France,52,Male
1059,Germany,53,Male
1060,Japan,43,Other
1061,Germany,39,Other
1062,France,43,Other
1063,Japan,31,Female
1064,United States,34,Female
1065,United Kingdom,54,Female
1066,United Kingdom,51,Male
1067,France,56,Female
1068,Japan,46,Other
1069,United States,54,Male
1070,United States,33,Male
1071,United Kingdom,33,Male
1072,Germany,34,Male
1073,United States,28,Other
1074,France,35,Female
1075,United States,30,Female
1076,Japan,36,Female
1077,United Kingdom,41,Male
1078,Germany,23,Female
1079,Japan,22,Male
1080,United States,46,Other
1081,United Kingdom,41,Other
1082,Japan,31,Other
1083,Germany,61,Male
1084,Germany,36,Female
1085,Japan,32,Female
1086,Germany,29,Female
1087,United Kingdom,50,Male
1088,United Kingdom,56,Male
1089,Germany,42,Other
1090,United States,38,Female
1091,Japan,32,Male
1092,United Kingdom,40,Male
1093,United States,29,Other
1094,France,52,Other
1095,Japan,27,Female
1096,France,24,Other
1097,Germany,35,Other
1098,Japan,38,Female
1099,United Kingdom,33,Other
1100,France,45,Male
1101,Germany,32,Other
1102,France,45,Other
1103,Japan,33,Other
1104,France,38,Other
1105,France,36,Female
1106,Germany,60,Male
1107,United Kingdom,30,Female
1108,Germany,77,Male
1109,France,47,Other
1110,Japan,43,Other
1111,Japan,18,Male
1112,Japan,38,Female
1113,United States,38,Female
1114,United Kingdom,48,Other
1115,Japan,23,Female
1116,Germany,62,Male
1117,Japan,34,Female
1118,Germany,30,Female
1119,Germany,74,Other
1120,France,56,Female
1121,United Kingdom,46,Female
1122,Germany,53,Male
1123,Germany,51,Male
1124,United Kingdom,53,Male
1125,France,49,Female
1126,Germany,29,Other
1127,Germany,36,Male
1128,France,29,Male
1129,France,43,Female
1130,United States,48,Other
1131,United States,45,Female
1132,Japan,26,Other
1133,Germany,58,Male
1134,United States,50,Female
1135,Japan,35,Other
1136,France,38,Female
1137,United Kingdom,37,Female
1138,Germany,46,Other
1139,United States,30,Other
1140,France,42,Other
1141,United States,33,Male
1142,France,55,Female
1143,United Kingdom,49,Male
1144,Germany,23,Other
1145,France,61,Male
1146,France,31,Other
1147,United States,30,Other
1148,Germany,45,Male
1149,Japan,33,Male
1150,United States,44,Female
1151,United Kingdom,32,Male
1152,United Kingdom,25,Other
1153,France,59,Male
1154,United Kingdom,35,Other
1155,Germany,50,Other
1156,United States,35,Female
1157,France,44,Female
1158,United Kingdom,36,Other
1159,France,55,Other
1160,United States,29,Male
1161,Japan,36,Male
1162,United Kingdom,29,Male
1163,United Kingdom,34,Other
1164,Germany,18,Female
1165,United States,53,Female
1166,United Kingdom,51,Male
1167,United States,35,Male
1168,Japan,43,Male
1169,United States,32,Other
1170,France,52,Other
1171,United States,53,Other
1172,France,59,Male
1173,Japan,53,Female
1174,United States,21,Female
1175,United States,55,Female
1176,United Kingdom,39,Female
1177,United States,24,Other
1178,Germany,51,Other
1179,Japan,44,Male
1180,Japan,47,Male
1181,Japan,46,Other
1182,Japan,54,Male
1183,Japan,39,Other
1184,United States,30,Male
1185,Germany,19,Female
1186,France,29,Other
1187,Japan,28,Male
1188,France,39,Male
1189,France,32,Male
1190,Germany,42,Male
1191,United Kingdom,62,Other
1192,Germany,27,Female
1193,United States,41,Other
1194,United States,61,Female
1195,Japan,32,Male
1196,France,40,Other
1197,United States,26,Female
1198,United Kingdom,42,Female
1199,United States,59,Other
1200,United States,52,Female
1201,Germany,56,Other
1202,United States,28,Male
1203,United Kingdom,39,Other
1204,Japan,39,Other
1205,Japan,22,Female
1206,Germany,19,Male
1207,United Kingdom,47,Other
1208,United Kingdom,42,Female
1209,Japan,36,Female
1210,United Kingdom,45,Female
1211,Japan,46,Female
1212,United States,33,Male
1213,United Kingdom,47,Other
1214,Germany,43,Other
1215,United Kingdom,51,Male
1216,United Kingdom,42,Other
1217,United States,42,Other
1218,United States,30,Male
1219,Germany,80,Female
1220,United States,49,Female
1221,United States,23,Female
1222,Germany,47,Other
1223,United Kingdom,40,Female
1224,France,44,Female
1225,United Kingdom,41,Other
1226,United Kingdom,51,Other
1227,United States,58,Other
1228,France,67,Male
1229,United Kingdom,50,Other
1230,United Kingdom,43,Male
1231,Germany,35,Female
1232,United Kingdom,35,Other
1233,United States,42,Other
1234,Germany,52,Male
1235,United States,43,Other
1236,United Kingdom,36,Other
1237,Japan,27,Other
1238,Japan,25,Other
1239,United States,37,Other
1240,Germany,77,Other
1241,France,55,Male
1242,Germany,35,Other
1243,Japan,45,Female
1244,Germany,62,Female
1245,Japan,41,Male
1246,Germany,47,Female
1247,Germany,51,Female
1248,Germany,63,Other
1249,France,46,Male
1250,United States,41,Male
1251,France,48,Other
1252,France,65,Other
1253,Japan,33,Other
1254,United Kingdom,32,Other
1255,United Kingdom,46,Male
1256,France,62,Male
1257,Japan,38,Other
1258,Japan,44,Other
1259,Japan,22,Other
1260,Japan,24,Male
1261,Germany,42,Male
1262,United Kingdom,35,Male
1263,Japan,21,Female
1264,United Kingdom,38,Other
1265,United Kingdom,49,Other
1266,France,51,Male
1267,Germany,38,Male
1268,United Kingdom,56,Female
1269,United States,44,Other
1270,Germany,39,Other
1271,Germany,47,Male
1272,Germany,37,Male
1273,United States,18,Other
1274,United States,31,Female
1275,France,36,Male
1276,France,34,Male
1277,United States,39,Male
1278,Japan,41,Female
1279,Japan,41,Other
1280,United States,32,Other
1281,France,43,Male
1282,Germany,53,Other
1283,Germany,51,Other
1284,Japan,28,Other
1285,Germany,30,Female
1286,United Kingdom,41,Male
1287,Germany,42,Other
1288,Germany,74,Other
1289,France,26,Male
1290,United Kingdom,41,Female
1291,Germany,38,Male
1292,United Kingdom,42,Male
1293,United Kingdom,50,Male
1294,Germany,56,Female
1295,United States,22,Male
1296,United States,42,Female
1297,France,59,Female
1298,France,45,Male
1299,Germany,52,Female
1300,Germany,74,Male
1301,Germany,48,Other
1302,United Kingdom,32,Female
1303,Japan,40,Male
1304,France,25,Other
1305,Germany,32,Male
1306,United States,54,Other
1307,France,24,Other
1308,United Kingdom,48,Male
1309,United States,45,Male
1310,Japan,43,Female
1311,United States,34,Female
1312,United Kingdom,47,Male
1313,United States,36,Male
1314,Japan,37,Male
1315,Germany,46,Other
1316,United Kingdom,39,Male
1317,Germany,20,Other
1318,France,43,Female
1319,United States,38,Female
1320,Germany,42,Other
1321,United Kingdom,54,Other
1322,Germany,49,Male
1323,Germany,42,Female
1324,Germany,46,Other
1325,Germany,45,Female
1326,United States,45,Other
1327,United States,50,Male
1328,France,68,Male
1329,France,53,Other
1330,United Kingdom,38,Female
1331,United Kingdom,47,Male
1332,United States,29,Other
1333,United States,32,Male
1334,United Kingdom,61,Male
1335,Japan,35,Other
1336,Japan,20,Female
1337,United States,47,Other
1338,United States,45,Female
1339,United Kingdom,54,Other
1340,United States,39,Male
1341,Germany,46,Female
1342,Japan,39,Other
1343,France,41,Male
1344,Japan,38,Other
1345,United Kingdom,47,Other
1346,Japan,21,Male
1347,United States,29,Male
1348,United States,18,Female
1349,Germany,65,Female
1350,Germany,30,Male
1351,Germany,30,Female
1352,United Kingdom,45,Other
1353,United States,44,Male
1354,France,44,Male
1355,Japan,33,Female
1356,Japan,23,Other
1357,France,25,Female
1358,France,46,Male
1359,United Kingdom,48,Female
1360,Germany,65,Female
1361,Japan,39,Other
1362,Germany,45,Female
1363,Japan,26,Other
1364,United Kingdom,38,Other
1365,Germany,50,Other
1366,Germany,47,Other
1367,United States,46,Female
1368,Germany,19,Male
1369,Japan,33,Other
1370,Japan,41,Other
1371,United Kingdom,33,Male
1372,Japan,38,Other
1373,Germany,22,Female
1374,United States,41,Other
1375,Germany,61,Male
1376,France,22,Male
1377,United Kingdom,45,Female
1378,Japan,34,Male
1379,France,37,Other
1380,United States,41,Other
1381,Japan,44,Female
1382,United Kingdom,55,Male
1383,Germany,42,Female
1384,Germany,38,Male
1385,United Kingdom,27,Male
1386,United States,60,Male
1387,United Kingdom,46,Other
1388,United States,52,Male
1389,Germany,21,Other
1390,United Kingdom,59,Other
1391,United States,32,Male
1392,France,49,Male
1393,Japan,30,Male
1394,Germany,46,Male
1395,United Kingdom,38,Male
1396,France,19,Male
1397,United States,22,Male
1398,Germany,33,Female
1399,France,54,Other
1400,United States,47,Other
1401,France,42,Male
1402,Germany,53,Other
1403,France,35,Female
1404,France,57,Female
1405,Japan,31,Other
1406,Germany,28,Female
1407,France,40,Male
1408,United States,57,Male
1409,Japan,35,Male
1410,United States,56,Female
1411,United Kingdom,42,Other
1412,United States,24,Female
1413,Germany,41,Other
1414,United States,23,Other
1415,Japan,51,Other
1416,Japan,44,Male
1417,Japan,41,Female
1418,United Kingdom,48,Other
1419,United Kingdom,23,Male
1420,Germany,27,Male
1421,Japan,55,Male
1422,United Kingdom,23,Other
1423,United States,31,Other
1424,Japan,29,Male
1425,Germany,55,Male
1426,United States,42,Male
1427,Germany,38,Other
1428,United Kingdom,47,Female
1429,France,37,Other
1430,Germany,38,Other
1431,France,50,Other
1432,United Kingdom,29,Female
1433,France,49,Female
1434,Germany,32,Male
1435,Germany,54,Male
1436,Japan,39,Female
1437,United Kingdom,42,Other
1438,France,62,Other
1439,United States,54,Male
1440,Germany,56,Male
1441,United States,30,Female
1442,United States,18,Female
1443,France,22,Other
1444,United Kingdom,40,Male
1445,United Kingdom,45,Female
1446,France,46,Other
1447,Japan,49,Other
1448,United States,43,Female
1449,United Kingdom,47,Male
1450,United States,37,Other
1451,Germany,42,Other
1452,Japan,48,Male
1453,United States,54,Other
1454,France,73,Other
1455,United States,23,Other
1456,Japan,32,Other
1457,France,45,Female
1458,France,70,Female
1459,Japan,32,Male
1460,Japan,38,Female
1461,United Kingdom,51,Male
1462,United States,38,Other
1463,Germany,53,Male
1464,France,41,Female
1465,Germany,41,Female
1466,United States,57,Female
1467,France,60,Female
1468,United Kingdom,31,Other
1469,France,66,Female
1470,France,45,Female
1471,Germany,36,Other
1472,United States,37,Male
1473,France,60,Male
1474,Germany,51,Female
1475,Germany,42,Male
1476,France,47,Male
1477,Germany,30,Male
1478,United States,21,Other
1479,Germany,34,Male
1480,France,24,Female
1481,Japan,57,Female
1482,Japan,43,Male
1483,Japan,48,Male
1484,United States,41,Female
1485,France,39,Male
1486,United Kingdom,56,Male
1487,United Kingdom,43,Male
1488,Germany,69,Female
1489,Germany,48,Female
1490,Germany,44,Other
1491,United States,53,Male
1492,France,51,Female
1493,United Kingdom,46,Female
1494,Germany,40,Other
1495,United Kingdom,45,Female
1496,United States,52,Other
1497,United Kingdom,36,Male
1498,Germany,27,Female
1499,Japan,39,Male
1500,France,61,Female
1501,Japan,38,Other
1502,United States,44,Other
1503,France,24,Male
1504,Japan,34,Male
1505,Germany,47,Male
1506,United States,54,Male
1507,Japan,41,Female
1508,United States,47,Male
1509,Germany,48,Male
1510,Germany,75,Female
1511,Germany,37,Male
1512,United Kingdom,37,Other
1513,United Kingdom,38,Male
1514,Germany,34,Other
1515,Germany,35,Female
1516,United States,34,Other
1517,France,41,Male
1518,France,51,Other
1519,Germany,35,Other
1520,Germany,41,Female
1521,United States,44,Other
1522,Japan,43,Other
1523,Germany,37,Other
1524,France,28,Male
1525,Japan,36,Male
1526,France,40,Female
1527,United Kingdom,47,Female
1528,United States,46,Other
1529,France,37,Other
1530,Germany,79,Female
1531,France,36,Female
1532,United States,34,Male
1533,Japan,22,Male
1534,United States,34,Female
1535,Germany,62,Female
1536,United Kingdom,53,Female
1537,France,41,Male
1538,Japan,23,Male
1539,United Kingdom,33,Other
1540,Germany,82,Female
1541,Germany,53,Other
1542,France,37,Male
1543,France,40,Female
1544,Germany,22,Female
1545,Germany,46,Male
1546,United Kingdom,48,Male
1547,United Kingdom,43,Female
1548,Japan,47,Male
1549,United Kingdom,38,Male
1550,United Kingdom,32,Female
1551,United Kingdom,56,Female
1552,United States,35,Male
1553,Germany,56,Female
1554,United States,30,Other
1555,France,54,Other
1556,United Kingdom,34,Other
1557,Japan,36,Other
1558,France,42,Other
1559,United Kingdom,30,Female
1560,France,42,Other
1561,United Kingdom,40,Other
1562,France,58,Male
1563,Germany,49,Male
1564,Japan,29,Other
1565,France,35,Female
1566,United States,26,Female
1567,United States,51,Female
1568,United States,39,Male
1569,United States,36,Female
1570,Japan,29,Other
1571,France,55,Other
1572,France,62,Other
1573,Germany,52,Male
1574,United Kingdom,25,Female
1575,France,59,Male
1576,France,31,Other
1577,Germany,35,Male
1578,France,31,Male
1579,Germany,28,Other
1580,Japan,42,Male
1581,Germany,61,Female
1582,Germany,57,Male
1583,Germany,22,Other
1584,United States,31,Male
1585,Japan,23,Male
1586,Germany,46,Other
1587,United Kingdom,20,Other
1588,Germany,30,Other
1589,France,55,Other
1590,Japan,49,Female
1591,Germany,27,Female
1592,Germany,46,Female
1593,Germany,47,Male
1594,France,47,Other
1595,Japan,42,Male
1596,France,49,Female
1597,Japan,38,Male
1598,United Kingdom,55,Other
1599,United Kingdom,36,Male
1600,United Kingdom,46,Other
1601,Japan,38,Other
1602,United States,62,Female
1603,United Kingdom,39,Female
1604,France,65,Female
1605,Germany,55,Female
1606,France,46,Other
1607,Germany,58,Male
1608,United Kingdom,46,Other
1609,France,81,Female
1610,United Kingdom,42,Male
1611,France,44,Other
1612,France,59,Other
1613,Germany,69,Male
1614,Germany,42,Female
1615,France,55,Other
1616,United Kingdom,51,Female
1617,Germany,34,Female
1618,Germany,72,Male
1619,Germany,49,Male
1620,France,24,Other
1621,Japan,46,Male
1622,Germany,65,Male
1623,United States,53,Female
1624,Japan,50,Female
1625,Germany,76,Other
1626,United States,55,Other
1627,France,36,Other
1628,Japan,19,Female
1629,Germany,59,Female
1630,United States,55,Male
1631,United States,18,Female
1632,United Kingdom,21,Female
1633,Japan,24,Other
1634,United Kingdom,34,Male
1635,United States,51,Female
1636,United Kingdom,41,Other
1637,Japan,43,Female
1638,France,33,Male
1639,France,52,Male
1640,France,41,Other
1641,Japan,26,Other
1642,Japan,35,Female
1643,Germany,39,Female
1644,Japan,37,Female
1645,Germany,68,Male
1646,Germany,82,Female
1647,Germany,49,Male
1648,Japan,31,Other
1649,Germany,46,Male
1650,United Kingdom,36,Other
1651,United States,42,Female
1652,Germany,29,Other
1653,Japan,34,Other
1654,United States,38,Male
1655,Germany,45,Male
1656,Japan,35,Female
1657,United States,21,Female
1658,United Kingdom,35,Other
1659,United Kingdom,47,Other
1660,Germany,53,Male
1661,France,55,Female
1662,United States,37,Other
1663,United States,33,Male
1664,United States,45,Female
1665,Germany,31,Male
1666,France,32,Male
1667,United States,49,Male
1668,France,49,Male
1669,United States,52,Male
1670,United Kingdom,45,Other
1671,United Kingdom,47,Other
1672,United Kingdom,53,Female
1673,United States,60,Other
1674,France,67,Other
1675,Germany,37,Female
1676,Japan,39,Female
1677,United Kingdom,38,Male
1678,Germany,47,Other
1679,Germany,31,Other
1680,United Kingdom,52,Male
1681,Germany,69,Male
1682,Germany,40,Male
1683,Japan,25,Female
1684,Japan,53,Other
1685,United States,32,Male
1686,Japan,46,Other
1687,United States,35,Other
1688,United Kingdom,45,Female
1689,Germany,27,Male
1690,France,38,Other
1691,Japan,37,Male
1692,Japan,33,Male
1693,France,41,Male
1694,United States,28,Other
1695,Japan,31,Female
1696,United States,30,Other
1697,Japan,30,Other
1698,Germany,54,Female
1699,United States,33,Male
1700,United States,46,Male
1701,United Kingdom,39,Female
1702,Japan,31,Female
1703,Germany,19,Other
1704,United States,39,Other
1705,France,59,Other
1706,United States,75,Male
1707,United Kingdom,29,Female
1708,France,47,Other
1709,Germany,72,Female
1710,Germany,57,Female
1711,United Kingdom,30,Female
1712,United States,28,Female
1713,United States,48,Male
1714,France,74,Female
1715,United Kingdom,52,Other
1716,United States,29,Female
1717,United States,53,Female
1718,United Kingdom,40,Female
1719,Japan,29,Other
1720,Germany,25,Female
1721,United Kingdom,49,Other
1722,France,52,Female
1723,France,47,Male
1724,Japan,36,Male
1725,United States,52,Female
1726,Japan,40,Other
1727,United States,44,Male
1728,United States,60,Other
1729,Japan,25,Female
1730,Germany,63,Other
1731,United Kingdom,41,Male
1732,United Kingdom,25,Other
1733,Germany,45,Female
1734,United Kingdom,40,Other
1735,United Kingdom,38,Other
1736,United States,40,Female
1737,Germany,56,Female
1738,Japan,42,Male
1739,United States,56,Male
1740,Japan,45,Female
1741,United States,18,Male
1742,Japan,46,Male
1743,Japan,52,Other
1744,United Kingdom,44,Female
1745,Germany,34,Female
1746,Japan,34,Male
1747,France,40,Female
1748,France,36,Other
1749,Japan,29,Other
1750,France,61,Male
1751,United States,35,Other
1752,Japan,45,Male
1753,United Kingdom,22,Female
1754,United States,30,Male
1755,France,65,Male
1756,United States,45,Male
1757,United Kingdom,32,Male
1758,United States,30,Female
1759,United States,24,Male
1760,Germany,46,Male
1761,France,23,Female
1762,France,44,Female
1763,Japan,33,Female
1764,Japan,47,Male
1765,Germany,56,Other
1766,Germany,27,Male
1767,France,27,Male
1768,Germany,72,Other
1769,France,63,Female
1770,Japan,35,Other
1771,Germany,25,Other
1772,United States,59,Other
1773,United States,31,Female
1774,United States,52,Other
1775,Germany,43,Other
1776,Germany,40,Male
1777,Japan,35,Male
1778,United Kingdom,59,Female
1779,United Kingdom,46,Male
1780,United Kingdom,29,Other
1781,Germany,61,Male
1782,United States,41,Male
1783,United States,55,Other
1784,United Kingdom,43,Male
1785,Germany,34,Female
1786,France,57,Other
1787,United Kingdom,40,Other
1788,France,45,Female
1789,France,52,Female
1790,United Kingdom,49,Other
1791,Japan,22,Female
1792,United Kingdom,46,Other
1793,United Kingdom,33,Female
1794,United Kingdom,33,Male
1795,Japan,23,Other
1796,Japan,35,Male
1797,Japan,18,Other
1798,France,40,Male
1799,France,32,Male
1800,United States,51,Male
1801,Japan,34,Male
1802,France,41,Other
1803,Japan,32,Female
1804,United States,44,Male
1805,United States,51,Other
1806,Japan,18,Male
1807,United Kingdom,45,Other
1808,United States,29,Other
1809,Germany,44,Other
1810,Japan,45,Other
1811,France,35,Male
1812,Japan,42,Male
1813,United States,43,Other
1814,United Kingdom,22,Male
1815,United Kingdom,59,Other
1816,Germany,31,Male
1817,Japan,54,Female
1818,Germany,33,Female
1819,France,36,Other
1820,France,39,Other
1821,United States,49,Other
1822,United Kingdom,39,Female
1823,Germany,47,Male
1824,United States,57,Female
1825,Japan,24,Other
1826,United Kingdom,47,Other
1827,United States,32,Other
1828,Japan,36,Female
1829,United Kingdom,53,Male
1830,Germany,29,Other
1831,United Kingdom,48,Other
1832,Japan,39,Other
1833,Germany,50,Female
1834,Japan,18,Female
1835,United Kingdom,49,Male
1836,Japan,23,Other
1837,France,45,Male
1838,United States,34,Female
1839,United Kingdom,48,Other
1840,Japan,49,Male
1841,United Kingdom,31,Other
1842,Japan,33,Female
1843,Japan,25,Male
1844,Japan,38,Female
1845,Japan,34,Other
1846,United Kingdom,38,Other
1847,Japan,41,Other
1848,France,21,Male
1849,United Kingdom,56,Male
1850,United States,41,Female
1851,France,45,Female
1852,France,57,Other
1853,United Kingdom,62,Female
1854,Germany,45,Other
1855,United Kingdom,47,Male
1856,United Kingdom,40,Male
1857,Japan,32,Other
1858,United Kingdom,29,Female
1859,Germany,51,Male
1860,Germany,57,Male
1861,United Kingdom,49,Male
1862,Germany,43,Female
1863,France,27,Male
1864,Germany,33,Male
1865,United Kingdom,44,Female
1866,Germany,47,Female
1867,United Kingdom,28,Male
1868,United Kingdom,36,Female
1869,Japan,22,Male
1870,United States,36,Male
1871,United Kingdom,35,Female
1872,France,57,Other
1873,United States,43,Male
1874,Germany,44,Other
1875,United States,46,Female
1876,France,50,Female
1877,Germany,53,Other
1878,France,49,Female
1879,United States,44,Female
1880,United States,38,Male
1881,France,44,Female
1882,France,43,Other
1883,Japan,50,Female
1884,France,36,Female
1885,Japan,28,Male
1886,France,85,Other
1887,Germany,44,Female
1888,France,41,Other
1889,United Kingdom,51,Male
1890,France,25,Female
1891,United States,27,Other
1892,France,48,Other
1893,United States,25,Female
1894,Germany,51,Other
1895,Germany,40,Male
1896,United States,52,Other
1897,France,39,Female
1898,France,61,Male
1899,Japan,35,Female
1900,Japan,28,Male
1901,United Kingdom,56,Female
1902,United Kingdom,37,Female
1903,Germany,52,Male
1904,France,60,Other
1905,United Kingdom,42,Male
1906,United States,40,Female
1907,France,41,Female
1908,France,37,Male
1909,Japan,35,Male
1910,France,39,Other
1911,Japan,42,Female
1912,United Kingdom,49,Male
1913,France,22,Female
1914,France,53,Female
1915,France,42,Female
1916,United Kingdom,37,Male
1917,United Kingdom,49,Male
1918,Germany,30,Female
1919,Germany,43,Other
1920,United States,57,Other
1921,United Kingdom,32,Male
1922,Japan,29,Male
1923,United States,38,Female
1924,United States,35,Female
1925,United Kingdom,52,Other
1926,Japan,35,Other
1927,United States,56,Female
1928,United Kingdom,43,Female
1929,United States,34,Female
1930,Germany,47,Female
1931,Japan,29,Female
1932,United Kingdom,46,Female
1933,France,36,Other
1934,Germany,60,Other
1935,Japan,43,Male
1936,France,31,Female
1937,Japan,39,Female
1938,Japan,42,Female
1939,United Kingdom,40,Female
1940,Germany,28,Male
1941,France,37,Other
1942,United States,37,Male
1943,United States,33,Other
1944,France,40,Male
1945,Japan,33,Female
1946,Japan,50,Female
1947,United States,48,Female
1948,United Kingdom,43,Other
1949,United Kingdom,39,Other
1950,Germany,45,Other
1951,France,44,Other
1952,Germany,45,Male
1953,United States,30,Other
1954,Germany,41,Other
1955,Japan,27,Male
1956,Japan,32,Male
1957,United States,32,Male
1958,United Kingdom,42,Other
1959,France,61,Male
1960,United Kingdom,43,Female
1961,United Kingdom,42,Male
1962,Japan,29,Male
1963,Germany,35,Other
1964,Japan,45,Other
1965,United Kingdom,39,Other
1966,Germany,42,Other
1967,United Kingdom,34,Other
1968,Germany,42,Male
1969,Germany,37,Other
1970,Germany,37,Female
1971,United States,29,Male
1972,United Kingdom,53,Female
1973,United States,29,Female
1974,United Kingdom,38,Male
1975,United Kingdom,38,Male
1976,United Kingdom,26,Male
1977,Germany,56,Male
1978,United States,32,Male
1979,Germany,34,Male
1980,France,36,Other
1981,United Kingdom,54,Male
1982,Germany,60,Other
1983,Japan,24,Male
1984,United Kingdom,31,Male
1985,Germany,43,Other
1986,France,26,Male
1987,United Kingdom,55,Female
1988,France,39,Other
1989,France,28,Other
1990,Japan,37,Male
1991,France,58,Other
1992,United States,55,Female
1993,Germany,38,Other
1994,United Kingdom,33,Other
1995,United Kingdom,39,Female
1996,Japan,20,Female
1997,United States,25,Other
1998,United Kingdom,32,Male
1999,France,34,Female
2000,Japan,35,Male
2001,United States,51,Male
2002,Japan,23,Female
2003,United Kingdom,37,Female
2004,France,38,Other
2005,United Kingdom,27,Female
2006,United Kingdom,32,Female
2007,United Kingdom,37,Other
2008,United States,58,Other
2009,Japan,38,Male
2010,United States,63,Male
2011,France,67,Male
2012,Japan,28,Female
2013,France,35,Female
2014,United Kingdom,44,Female
2015,France,40,Female
2016,Germany,27,Male
2017,United States,41,Female
2018,United States,44,Male
2019,United Kingdom,38,Other
2020,Japan,49,Other
2021,France,39,Other
2022,Japan,43,Male
2023,United States,42,Male
2024,Germany,57,Male
2025,Japan,57,Male
2026,Germany,46,Other
2027,United Kingdom,51,Other
2028,Japan,42,Other
2029,United Kingdom,52,Other
2030,Germany,49,Other
2031,Japan,36,Other
2032,France,70,Male
2033,France,37,Female
2034,United States,43,Other
2035,France,61,Other
2036,Japan,46,Other
2037,France,47,Male
2038,Japan,34,Female
2039,Germany,25,Other
2040,France,56,Female
2041,United States,27,Female
2042,France,43,Other
2043,United States,34,Female
2044,Germany,61,Other
2045,France,34,Male
2046,United Kingdom,40,Other
2047,United States,37,Female
2048,Japan,18,Other
2049,United States,53,Male
2050,Germany,49,Male
2051,France,20,Other
2052,Germany,36,Other
2053,Japan,39,Male
2054,Germany,29,Male
2055,France,60,Female
2056,United States,51,Other
2057,United Kingdom,39,Female
2058,United Kingdom,38,Other
2059,France,44,Male
2060,United States,43,Female
2061,France,70,Other
2062,France,45,Other
2063,Japan,34,Other
2064,United States,48,Other
2065,Germany,48,Other
2066,Japan,39,Female
2067,France,43,Other
2068,Germany,47,Other
2069,United States,45,Other
2070,United Kingdom,47,Other
2071,United States,34,Other
2072,France,28,Male
2073,Germany,40,Female
2074,Japan,29,Male
2075,United Kingdom,50,Female
2076,Japan,51,Female
2077,Germany,35,Other
2078,United Kingdom,49,Male
2079,France,40,Male
2080,France,30,Other
2081,Japan,34,Male
2082,Japan,31,Female
2083,United Kingdom,46,Female
2084,France,41,Female
2085,Japan,35,Female
2086,France,26,Other
2087,Japan,41,Other
2088,Japan,34,Other
2089,Germany,53,Other
2090,United States,35,Other
2091,United Kingdom,33,Female
2092,Japan,25,Female
2093,United Kingdom,36,Female
2094,Germany,58,Other
2095,France,56,Female
2096,Japan,21,Male
2097,France,48,Other
2098,Germany,50,Female
2099,United States,61,Other
2100,France,67,Other
2101,United States,34,Other
2102,United States,37,Male
2103,United Kingdom,54,Male
2104,Germany,70,Other
2105,United Kingdom,37,Male
2106,France,49,Female
2107,Japan,22,Male
2108,United Kingdom,32,Male
2109,Japan,37,Female
2110,Germany,30,Male
2111,United Kingdom,37,Female
2112,France,56,Male
2113,Japan,28,Male
2114,France,53,Other
2115,Japan,26,Other
2116,United Kingdom,42,Male
2117,Japan,42,Female
2118,France,46,Female
2119,France,38,Male
2120,United Kingdom,42,Other
2121,Germany,40,Other
2122,Japan,37,Male
2123,United Kingdom,34,Male
2124,United Kingdom,39,Male
2125,Japan,39,Male
2126,United States,32,Male
2127,Japan,18,Female
2128,United States,45,Female
2129,Germany,59,Female
2130,Japan,49,Other
2131,Japan,27,Male
2132,France,60,Female
2133,Japan,20,Other
2134,Japan,30,Female
2135,United Kingdom,43,Other
2136,United Kingdom,44,Other
2137,France,37,Male
2138,Japan,37,Female
2139,United States,47,Other
2140,Japan,30,Female
2141,Japan,42,Male
2142,Japan,44,Female
2143,France,40,Female
2144,United States,30,Female
2145,France,41,Female
2146,United Kingdom,43,Female
2147,Japan,35,Other
2148,United States,37,Male
2149,Germany,50,Male
2150,Japan,29,Female
2151,France,57,Other
2152,United Kingdom,47,Male
2153,France,29,Female
2154,Japan,39,Other
2155,United Kingdom,32,Male
2156,Japan,31,Other
2157,Japan,28,Male
2158,United States,56,Other
2159,Japan,32,Female
2160,Germany,70,Other
2161,United Kingdom,45,Other
2162,United Kingdom,48,Other
2163,France,47,Other
2164,France,48,Male
2165,Japan,43,Other
2166,France,53,Male
2167,United States,47,Other
2168,France,22,Other
2169,France,37,Male
2170,United Kingdom,58,Female
2171,Germany,46,Female
2172,France,64,Female
2173,United Kingdom,21,Male
2174,Japan,32,Other
2175,France,19,Male
2176,Japan,33,Male
2177,France,67,Female
2178,Germany,72,Other
2179,Japan,34,Other
2180,Japan,31,Other
2181,Germany,86,Other
2182,United States,50,Male
2183,France,20,Male
2184,United States,43,Female
2185,United Kingdom,35,Male
2186,United Kingdom,43,Female
2187,Japan,35,Other
2188,United Kingdom,49,Male
2189,Germany,43,Other
2190,Germany,63,Other
2191,United Kingdom,54,Female
2192,United States,45,Female
2193,Germany,58,Male
2194,France,37,Female
2195,United Kingdom,54,Other
2196,France,30,Male
2197,France,51,Female
2198,United States,44,Female
2199,United States,36,Male
2200,United Kingdom,35,Male
2201,United Kingdom,54,Other
2202,United Kingdom,33,Other
2203,Japan,51,Other
2204,United States,40,Female
2205,Germany,44,Male
2206,Germany,65,Other
2207,Japan,29,Other
2208,Germany,28,Male
2209,Germany,28,Other
2210,France,25,Female
2211,Germany,43,Female
2212,France,30,Other
2213,United States,47,Other
2214,France,34,Other
2215,Japan,30,Other
2216,Germany,45,Female
2217,Japan,31,Male
2218,Germany,49,Male
2219,United States,36,Other
2220,France,43,Male
2221,Germany,51,Other
2222,United States,36,Male
2223,Germany,55,Female
2224,United Kingdom,37,Other
2225,Germany,66,Female
2226,France,63,Other
2227,Japan,36,Other
2228,United Kingdom,40,Other
2229,United States,34,Other
2230,United Kingdom,39,Female
2231,United Kingdom,42,Female
2232,United Kingdom,31,Other
2233,United States,66,Other
2234,Japan,27,Female
2235,United States,41,Male
2236,France,60,Male
2237,France,46,Other
2238,France,38,Other
2239,Japan,40,Other
2240,United States,47,Female
2241,United States,24,Other
2242,United Kingdom,59,Male
2243,United Kingdom,40,Female
2244,United Kingdom,45,Male
2245,Japan,32,Female
2246,United States,19,Other
2247,United States,49,Female
2248,Germany,61,Male
2249,United Kingdom,40,Male
2250,United States,18,Other
2251,Japan,31,Male
2252,United Kingdom,30,Female
2253,Japan,27,Other
2254,Japan,36,Male
2255,United Kingdom,39,Male
2256,Germany,63,Female
2257,Japan,43,Male
2258,France,34,Male
2259,Japan,47,Male
2260,United Kingdom,36,Female
2261,Japan,32,Other
2262,Japan,42,Female
2263,United States,35,Male
2264,Germany,20,Male
2265,United States,64,Male
2266,Japan,30,Female
2267,France,54,Female
2268,Germany,41,Male
2269,United Kingdom,42,Male
2270,United States,38,Female
2271,Germany,30,Female
2272,United Kingdom,32,Other
2273,Germany,62,Male
2274,United States,29,Male
2275,United States,39,Male
2276,Germany,34,Male
2277,France,40,Other
2278,Japan,24,Other
2279,Japan,30,Male
2280,Japan,27,Other
2281,Germany,54,Female
2282,France,36,Male
2283,Germany,24,Female
2284,Japan,56,Male
2285,Japan,34,Male
2286,United Kingdom,30,Female
2287,Japan,43,Other
2288,Japan,22,Other
2289,France,25,Female
2290,Japan,44,Male
2291,Germany,36,Male
2292,France,22,Male
2293,France,58,Male
2294,United Kingdom,47,Other
2295,Germany,18,Other
2296,United States,47,Other
2297,Germany,52,Male
2298,Germany,49,Other
2299,Japan,40,Male
2300,United States,45,Male
2301,United States,61,Other
2302,Germany,73,Female
2303,United States,19,Female
2304,United Kingdom,34,Female
2305,Germany,54,Female
2306,Germany,29,Other
2307,Japan,41,Female
2308,Germany,34,Female
2309,United States,31,Female
2310,United Kingdom,28,Male
2311,United States,37,Female
2312,United States,39,Female
2313,United States,22,Other
2314,Japan,30,Other
2315,Japan,29,Female
2316,Japan,26,Male
2317,France,52,Other
2318,United States,52,Other
2319,Japan,28,Other
2320,France,45,Male
2321,United States,31,Female
2322,United States,51,Female
2323,Japan,42,Other
2324,United States,44,Other
2325,Japan,55,Other
2326,United Kingdom,39,Female
2327,Germany,49,Female
2328,France,43,Other
2329,United States,41,Other
2330,Germany,34,Male
2331,France,32,Other
2332,Japan,47,Other
2333,Japan,39,Female
2334,Germany,30,Male
2335,Germany,53,Female
2336,United States,41,Other
2337,France,46,Male
2338,Japan,24,Male
2339,Japan,25,Female
2340,Japan,39,Female
2341,United Kingdom,19,Male
2342,Germany,65,Female
2343,United Kingdom,41,Male
2344,United Kingdom,44,Male
2345,United Kingdom,55,Male
2346,France,47,Male
2347,United States,39,Other
2348,Germany,48,Male
2349,United Kingdom,19,Female
2350,France,30,Other
2351,Germany,43,Other
2352,United States,38,Other
2353,United States,55,Female
2354,Japan,44,Male
2355,United Kingdom,40,Male
2356,Germany,56,Male
2357,Germany,71,Female
2358,Germany,53,Female
2359,Germany,39,Other
2360,United States,26,Other
2361,United States,44,Female
2362,Japan,44,Other
2363,United States,57,Other
2364,Germany,19,Female
2365,Japan,35,Female
2366,Japan,41,Other
2367,Japan,31,Female
2368,Germany,61,Male
2369,Japan,45,Male
2370,France,44,Female
2371,Japan,46,Male
2372,United Kingdom,38,Other
2373,France,49,Other
2374,France,57,Other
2375,Japan,32,Other
2376,Japan,46,Male
2377,Germany,43,Male
2378,Germany,34,Other
2379,Germany,60,Other
2380,United States,61,Other
2381,France,39,Other
2382,Germany,46,Female
2383,Japan,27,Male
2384,France,50,Other
2385,United Kingdom,38,Female
2386,Germany,23,Other
2387,United States,26,Male
2388,Japan,27,Male
2389,United Kingdom,58,Other
2390,United Kingdom,27,Female
2391,United Kingdom,44,Other
2392,United States,54,Female
2393,United Kingdom,27,Other
2394,Germany,60,Male
2395,Japan,50,Other
2396,France,65,Other
2397,Germany,51,Male
2398,France,64,Male
2399,United Kingdom,46,Female
2400,Germany,45,Male
2401,United States,57,Other
2402,United Kingdom,34,Male
2403,France,36,Male
2404,United Kingdom,64,Male
2405,France,42,Female
2406,Germany,53,Male
2407,France,37,Male
2408,United Kingdom,46,Female
2409,France,62,Male
2410,United States,41,Male
2411,United Kingdom,39,Other
2412,Germany,38,Male
2413,United Kingdom,41,Female
2414,Japan,43,Female
2415,France,26,Other
2416,United Kingdom,44,Other
2417,Germany,69,Other
2418,Germany,21,Male
2419,United States,18,Other
2420,United States,45,Male
2421,Japan,27,Other
2422,United Kingdom,55,Male
2423,United States,57,Male
2424,Germany,30,Other
2425,Germany,51,Male
2426,Germany,31,Female
2427,United Kingdom,44,Male
2428,Germany,48,Male
2429,Japan,35,Other
2430,United Kingdom,40,Male
2431,France,60,Female
2432,France,62,Other
2433,United Kingdom,53,Male
2434,France,37,Male
2435,United States,48,Female
2436,Japan,24,Other
2437,Japan,36,Other
2438,Germany,44,Male
2439,United Kingdom,48,Female
2440,Germany,57,Male
2441,Germany,28,Male
2442,Germany,39,Other
2443,France,30,Male
2444,United Kingdom,33,Female
2445,Germany,63,Male
2446,Germany,57,Other
2447,United States,26,Other
2448,United Kingdom,45,Female
2449,United States,29,Male
2450,Germany,43,Female
2451,United States,24,Other
2452,France,36,Female
2453,United States,36,Male
2454,United States,37,Female
2455,Japan,39,Female
2456,Japan,36,Female
2457,Germany,51,Other
2458,Germany,26,Other
2459,United Kingdom,32,Female
2460,Japan,44,Female
2461,United States,55,Other
2462,Japan,47,Other
2463,France,35,Male
2464,United Kingdom,59,Male
2465,Germany,83,Other
2466,France,61,Male
2467,United Kingdom,55,Other
2468,Germany,41,Other
2469,Japan,46,Other
2470,France,49,Female
2471,Japan,47,Other
2472,Germany,49,Female
2473,United Kingdom,45,Other
2474,France,33,Female
2475,United Kingdom,52,Other
2476,Germany,20,Female
2477,Japan,35,Female
2478,Germany,36,Other
2479,Germany,65,Male
2480,United States,38,Female
2481,France,60,Other
2482,Germany,52,Other
2483,France,66,Male
2484,Japan,40,Other
2485,Germany,42,Female
2486,Japan,39,Female
2487,United States,42,Male
2488,United States,41,Male
2489,Japan,37,Female
2490,Japan,29,Other
2491,Japan,37,Other
2492,Germany,49,Other
2493,United States,35,Female
2494,United Kingdom,49,Female
2495,United Kingdom,53,Male
2496,Japan,29,Female
2497,France,52,Male
2498,United States,35,Female
2499,United States,41,Female
2500,United Kingdom,41,Other
2501,United States,35,Other
2502,United States,34,Other
2503,France,53,Male
2504,United Kingdom,42,Male
2505,United Kingdom,36,Female
2506,United Kingdom,49,Other
2507,Germany,62,Male
2508,Japan,27,Male
2509,France,47,Female
2510,United States,57,Other
2511,France,66,Male
2512,France,29,Female
2513,France,39,Male
2514,France,43,Female
2515,Japan,45,Female
2516,United Kingdom,45,Female
2517,United States,44,Female
2518,France,43,Male
2519,United States,43,Other
2520,Japan,45,Female
2521,Germany,46,Other
2522,Germany,73,Other
2523,France,36,Other
2524,Japan,33,Other
2525,Germany,18,Other
2526,Germany,78,Male
2527,France,65,Male
2528,France,43,Male
2529,United States,37,Female
2530,United Kingdom,37,Male
2531,United Kingdom,47,Other
2532,United States,43,Female
2533,United Kingdom,41,Female
2534,Japan,44,Other
2535,Germany,59,Female
2536,France,47,Male
2537,United Kingdom,34,Male
2538,Germany,39,Male
2539,Germany,48,Other
2540,France,47,Female
2541,United Kingdom,45,Other
2542,United Kingdom,35,Female
2543,Japan,26,Other
2544,Japan,23,Female
2545,Germany,32,Other
2546,Germany,67,Male
2547,France,34,Female
2548,Japan,50,Male
2549,Japan,43,Female
2550,United States,38,Male
2551,Japan,40,Female
2552,France,35,Female
2553,Japan,47,Male
2554,Japan,36,Female
2555,Japan,34,Male
2556,Germany,49,Male
2557,France,49,Other
2558,Germany,40,Other
2559,United States,34,Other
2560,Japan,35,Other
2561,Germany,36,Other
2562,United States,41,Female
2563,France,53,Female
2564,Japan,29,Female
2565,Germany,49,Female
2566,Germany,37,Male
2567,Japan,41,Female
2568,United Kingdom,39,Female
2569,United Kingdom,52,Male
2570,France,45,Other
2571,Japan,37,Other
2572,Japan,31,Male
2573,United States,43,Female
2574,United States,23,Other
2575,United States,53,Male
2576,United Kingdom,51,Female
2577,Japan,43,Female
2578,Japan,44,Female
2579,Japan,46,Female
2580,Germany,47,Other
2581,France,42,Other
2582,Germany,50,Other
2583,United Kingdom,43,Male
2584,Germany,25,Other
2585,France,59,Female
2586,United States,45,Other
2587,France,56,Female
2588,United Kingdom,56,Male
2589,France,60,Other
2590,Japan,39,Male
2591,Japan,28,Female
2592,Germany,52,Other
2593,Germany,46,Male
2594,France,51,Male
2595,United Kingdom,25,Other
2596,United Kingdom,39,Female
2597,Germany,41,Male
2598,Germany,47,Male
2599,Japan,37,Other
2600,United States,35,Female
2601,United Kingdom,28,Other
2602,France,33,Male
2603,United States,53,Male
2604,United States,46,Other
2605,United States,33,Female
2606,Germany,45,Other
2607,United Kingdom,44,Male
2608,United States,45,Other
2609,United States,42,Male
2610,Germany,46,Female
2611,United Kingdom,56,Female
2612,United Kingdom,55,Female
2613,Japan,34,Male
2614,United Kingdom,48,Female
2615,United Kingdom,41,Other
2616,United Kingdom,42,Female
2617,Japan,35,Other
2618,United Kingdom,25,Female
2619,United Kingdom,53,Female
2620,United Kingdom,44,Female
2621,United Kingdom,45,Other
2622,United Kingdom,55,Female
2623,Germany,61,Female
2624,France,54,Other
2625,Japan,35,Male
2626,Germany,66,Male
2627,France,39,Female
2628,France,41,Male
2629,United Kingdom,45,Other
2630,United Kingdom,41,Male
2631,France,39,Male
2632,France,53,Female
2633,Germany,53,Other
2634,France,69,Other
2635,United Kingdom,27,Female
2636,Germany,38,Female
2637,France,40,Other
2638,Germany,52,Other
2639,United Kingdom,43,Male
2640,United States,41,Other
2641,France,32,Male
2642,Germany,42,Female
2643,United Kingdom,45,Male
2644,Japan,45,Other
2645,United States,29,Female
2646,Japan,41,Other
2647,Japan,50,Male
2648,United States,44,Other
2649,Japan,33,Female
2650,Germany,39,Other
2651,United States,36,Other
2652,Germany,54,Female
2653,Germany,56,Male
2654,Japan,18,Female
2655,France,52,Other
2656,France,40,Other
2657,United States,36,Male
2658,United Kingdom,47,Male
2659,France,43,Other
2660,United Kingdom,37,Female
2661,United Kingdom,22,Female
2662,United States,37,Other
2663,France,43,Female
2664,United Kingdom,59,Male
2665,United States,45,Female
2666,Japan,44,Female
2667,Germany,64,Male
2668,United States,37,Male
2669,Japan,30,Male
2670,United Kingdom,24,Female
2671,Japan,35,Female
2672,France,40,Other
2673,United States,34,Female
2674,Japan,45,Male
2675,France,69,Female
2676,Germany,37,Other
2677,Japan,35,Male
2678,United States,24,Male
2679,United Kingdom,42,Female
2680,United States,31,Female
2681,Japan,24,Other
2682,Japan,34,Female
2683,United Kingdom,37,Female
2684,United States,42,Other
2685,Japan,21,Other
2686,Japan,28,Female
2687,France,51,Other
2688,United Kingdom,33,Female
2689,France,47,Male
2690,United Kingdom,46,Other
2691,France,55,Male
2692,Japan,31,Male
2693,United States,49,Male
2694,Japan,25,Other
2695,Japan,31,Female
2696,United Kingdom,37,Male
2697,France,31,Female
2698,Germany,36,Other
2699,United States,46,Other
2700,Germany,30,Male
2701,United Kingdom,38,Male
2702,Germany,26,Male
2703,Japan,35,Male
2704,France,42,Other
2705,United States,48,Male
2706,Germany,43,Male
2707,Germany,30,Male
2708,Germany,47,Male
2709,United Kingdom,42,Other
2710,Japan,35,Female
2711,United States,18,Other
2712,United States,18,Other
2713,Japan,44,Other
2714,Germany,32,Other
2715,Germany,44,Male
2716,United Kingdom,43,Male
2717,United States,50,Male
2718,United States,30,Other
2719,United Kingdom,31,Male
2720,United Kingdom,42,Male
2721,Germany,50,Male
2722,Japan,30,Female
2723,United States,33,Other
2724,Germany,42,Other
2725,United Kingdom,42,Male
2726,Germany,32,Female
2727,United States,49,Other
2728,United States,50,Other
2729,France,52,Male
2730,Germany,76,Other
2731,United Kingdom,55,Female
2732,France,49,Female
2733,France,26,Other
2734,France,27,Other
2735,Germany,54,Female
2736,Germany,40,Female
2737,Japan,42,Other
2738,United Kingdom,42,Other
2739,United Kingdom,43,Other
2740,France,29,Other
2741,United States,21,Female
2742,United States,43,Female
2743,Japan,38,Male
2744,France,46,Female
2745,Japan,43,Female
2746,France,49,Male
2747,United Kingdom,31,Female
2748,France,60,Other
2749,France,54,Male
2750,Japan,20,Other
2751,United States,25,Female
2752,France,61,Other
2753,Germany,73,Other
2754,France,47,Female
2755,United States,31,Female
2756,Japan,34,Female
2757,United Kingdom,39,Female
2758,Japan,35,Female
2759,Germany,37,Other
2760,Germany,26,Male
2761,France,81,Other
2762,United Kingdom,50,Other
2763,United States,50,Other
2764,Japan,24,Other
2765,France,53,Male
2766,France,56,Male
2767,United States,40,Female
2768,United Kingdom,42,Male
2769,Germany,38,Other
2770,United Kingdom,28,Male
2771,Japan,32,Male
2772,Japan,33,Other
2773,Japan,37,Other
2774,France,43,Other
2775,United Kingdom,52,Female
2776,United Kingdom,46,Other
2777,France,44,Female
2778,France,31,Female
2779,Germany,54,Female
2780,France,30,Other
2781,France,34,Male
2782,United States,19,Other
2783,France,37,Other
2784,United Kingdom,45,Other
2785,Germany,42,Female
2786,Japan,19,Other
2787,France,67,Other
2788,Japan,20,Other
2789,Germany,28,Other
2790,United States,57,Other
2791,Germany,41,Female
2792,United Kingdom,44,Other
2793,Japan,54,Female
2794,Germany,73,Female
2795,United Kingdom,29,Female
2796,Japan,24,Female
2797,Japan,49,Female
2798,United Kingdom,36,Female
2799,Japan,48,Male
2800,United States,18,Other
2801,United States,64,Male
2802,Japan,43,Female
2803,France,33,Male
2804,United States,27,Male
2805,Japan,38,Male
2806,Germany,63,Female
2807,United States,23,Female
2808,United States,47,Male
2809,France,42,Male
2810,United States,42,Male
2811,United Kingdom,46,Female
2812,France,25,Female
2813,Germany,51,Other
2814,Germany,36,Female
2815,United Kingdom,48,Male
2816,Germany,35,Male
2817,Germany,27,Male
2818,Germany,34,Female
2819,United States,49,Other
2820,France,44,Male
2821,United States,22,Other
2822,Germany,63,Female
2823,United Kingdom,37,Female
2824,France,25,Female
2825,United States,32,Female
2826,United States,36,Other
2827,United States,37,Female
2828,Japan,35,Other
2829,Japan,23,Male
2830,Japan,19,Other
2831,Japan,40,Female
2832,Germany,35,Male
2833,United States,37,Female
2834,France,35,Male
2835,France,37,Other
2836,Germany,54,Male
2837,Japan,22,Male
2838,United States,34,Other
2839,France,54,Female
2840,United States,49,Female
2841,Germany,35,Other
2842,United States,18,Male
2843,France,43,Other
2844,Germany,24,Female
2845,France,45,Male
2846,Germany,58,Other
2847,France,47,Female
2848,Germany,35,Male
2849,Germany,61,Other
2850,United States,52,Male
2851,France,30,Other
2852,Japan,27,Male
2853,Japan,34,Female
2854,United States,47,Other
2855,United States,30,Male
2856,Japan,38,Male
2857,United States,36,Female
2858,United Kingdom,41,Other
2859,France,40,Female
2860,Germany,24,Other
2861,United States,53,Female
2862,United Kingdom,55,Female
2863,United Kingdom,44,Other
2864,Japan,34,Other
2865,Germany,40,Male
2866,Japan,21,Female
2867,Germany,47,Female
2868,United States,42,Other
2869,Germany,48,Male
2870,France,38,Male
2871,Germany,43,Male
2872,Germany,32,Other
2873,Japan,35,Male
2874,Japan,26,Other
2875,United Kingdom,37,Female
2876,United Kingdom,55,Other
2877,United Kingdom,38,Male
2878,France,46,Male
2879,Germany,49,Male
2880,Japan,29,Other
2881,United States,45,Other
2882,Germany,19,Other
2883,Germany,38,Female
2884,Japan,35,Male
2885,United States,42,Female
2886,France,26,Other
2887,United States,42,Other
2888,United States,46,Other
2889,Japan,31,Female
2890,United Kingdom,42,Male
2891,United States,35,Male
2892,United States,41,Other
2893,United Kingdom,21,Male
2894,Germany,50,Male
2895,United Kingdom,31,Male
2896,United Kingdom,35,Other
2897,Japan,55,Other
2898,United States,46,Male
2899,Germany,68,Male
2900,France,43,Male
2901,Germany,50,Male
2902,Japan,44,Male
2903,France,52,Male
2904,United States,40,Female
2905,United States,42,Female
2906,Japan,34,Other
2907,United Kingdom,49,Other
2908,Germany,61,Female
2909,France,48,Other
2910,Germany,42,Female
2911,Japan,38,Other
2912,United Kingdom,30,Female
2913,Japan,42,Female
2914,United Kingdom,40,Male
2915,United States,40,Other
2916,Germany,59,Female
2917,United States,54,Other
2918,United Kingdom,40,Male
2919,United States,54,Female
2920,United Kingdom,38,Female
2921,United States,39,Male
2922,United Kingdom,51,Female
2923,United Kingdom,38,Other
2924,France,32,Female
2925,United Kingdom,42,Male
2926,United Kingdom,35,Other
2927,Japan,40,Male
2928,Germany,46,Male
2929,Germany,47,Female
2930,Japan,34,Female
2931,Japan,38,Other
2932,United States,41,Male
2933,Japan,21,Other
2934,France,60,Other
2935,Germany,35,Other
2936,United States,42,Other
2937,Japan,44,Female
2938,United Kingdom,42,Female
2939,United Kingdom,37,Male
2940,Germany,46,Other
2941,United Kingdom,38,Other
2942,United Kingdom,38,Female
2943,France,50,Other
2944,United States,34,Male
2945,Japan,29,Other
2946,Japan,28,Female
2947,France,54,Female
2948,Germany,44,Female
2949,Japan,34,Other
2950,France,69,Male
2951,United Kingdom,35,Male
2952,Germany,66,Female
2953,Germany,74,Male
2954,United Kingdom,37,Male
2955,France,46,Male
2956,United States,40,Female
2957,Germany,53,Male
2958,Japan,36,Female
2959,United States,32,Male
2960,United States,38,Female
2961,United Kingdom,41,Male
2962,Japan,41,Female
2963,Germany,33,Male
2964,France,45,Other
2965,United Kingdom,41,Male
2966,United Kingdom,53,Other
2967,Germany,69,Female
2968,Germany,76,Male
2969,Japan,36,Male
2970,United States,31,Male
2971,France,53,Other
2972,United Kingdom,32,Other
2973,France,61,Other
2974,United States,46,Female
2975,France,36,Female
2976,Japan,32,Other
2977,United Kingdom,42,Male
2978,France,45,Male
2979,Germany,33,Female
2980,United States,36,Female
2981,Germany,37,Female
2982,United Kingdom,39,Other
2983,United Kingdom,41,Male
2984,Germany,62,Female
2985,United States,44,Other
2986,France,39,Other
2987,United States,29,Male
2988,United Kingdom,48,Female
2989,Japan,32,Other
2990,United States,41,Other
2991,France,41,Male
2992,United Kingdom,35,Female
2993,Japan,37,Female
2994,United Kingdom,53,Other
2995,Japan,40,Other
2996,Japan,27,Other
2997,United Kingdom,47,Other
2998,United Kingdom,37,Male
2999,Japan,40,Other
3000,France,32,Female
3001,Japan,18,Female
3002,United Kingdom,36,Other
3003,Germany,37,Other
3004,United States,35,Female
3005,Germany,69,Other
3006,Germany,39,Female
3007,France,62,Female
3008,France,54,Other
3009,France,51,Other
3010,France,52,Other
3011,United States,34,Female
3012,Germany,50,Female
3013,United Kingdom,49,Female
3014,United Kingdom,36,Other
3015,Japan,48,Female
3016,Japan,33,Other
3017,France,26,Male
3018,United Kingdom,43,Male
3019,Japan,36,Male
3020,Germany,65,Female
3021,United Kingdom,41,Male
3022,United Kingdom,34,Female
3023,France,51,Male
3024,United States,42,Other
3025,France,52,Male
3026,United Kingdom,27,Other
3027,France,42,Female
3028,Japan,32,Other
3029,United Kingdom,41,Male
3030,France,61,Female
3031,Japan,35,Female
3032,United Kingdom,54,Female
3033,United Kingdom,62,Other
3034,Japan,51,Other
3035,Japan,29,Male
3036,Germany,45,Other
3037,United Kingdom,54,Male
3038,France,56,Other
3039,Germany,71,Other
3040,Japan,31,Female
3041,Germany,53,Male
3042,Japan,44,Other
3043,Japan,33,Female
3044,France,50,Male
3045,France,56,Male
3046,Germany,62,Female
3047,United States,38,Female
3048,Japan,52,Other
3049,Germany,33,Other
3050,France,62,Female
3051,Japan,27,Female
3052,United States,53,Female
3053,France,41,Other
3054,France,56,Other
3055,United Kingdom,42,Female
3056,Germany,43,Male
3057,Japan,34,Female
3058,United Kingdom,48,Female
3059,United Kingdom,53,Female
3060,France,30,Other
3061,United Kingdom,28,Male
3062,Germany,42,Other
3063,United Kingdom,46,Female
3064,United Kingdom,29,Male
3065,United States,46,Male
3066,France,41,Female
3067,France,51,Male
3068,United States,18,Other
3069,Japan,27,Female
3070,United Kingdom,59,Male
3071,Japan,31,Other
3072,Japan,27,Male
3073,Japan,49,Other
3074,Japan,38,Male
3075,Japan,36,Male
3076,Germany,44,Male
3077,United States,46,Other
3078,Germany,47,Other
3079,Japan,26,Other
3080,United Kingdom,50,Female
3081,United States,46,Other
3082,France,36,Female
3083,Japan,40,Female
3084,France,38,Male
3085,France,72,Female
3086,France,63,Male
3087,Germany,30,Male
3088,France,51,Female
3089,United Kingdom,39,Male
3090,United States,50,Female
3091,France,38,Female
3092,United States,37,Male
3093,United Kingdom,38,Other
3094,Japan,40,Other
3095,United States,46,Other
3096,United Kingdom,64,Male
3097,Germany,31,Female
3098,United Kingdom,31,Other
3099,Germany,23,Female
3100,United States,54,Female
3101,United States,63,Male
3102,United States,28,Male
3103,Japan,49,Female
3104,Japan,20,Female
3105,Germany,47,Male
3106,Japan,48,Other
3107,United Kingdom,31,Male
3108,Japan,33,Female
3109,France,53,Other
3110,Japan,33,Other
3111,France,39,Other
3112,United Kingdom,47,Female
3113,France,29,Male
3114,United States,45,Other
3115,United Kingdom,44,Male
3116,France,62,Other
3117,United Kingdom,42,Female
3118,Japan,20,Other
3119,United States,48,Female
3120,Germany,50,Female
3121,Germany,62,Other
3122,Germany,40,Other
3123,Japan,26,Male
3124,United States,22,Other
3125,Germany,53,Other
3126,France,42,Male
3127,United States,47,Other
3128,United Kingdom,42,Female
3129,France,23,Male
3130,United States,57,Other
3131,United Kingdom,23,Male
3132,United Kingdom,51,Female
3133,France,49,Male
3134,Japan,32,Male
3135,United States,49,Male
3136,France,42,Other
3137,United Kingdom,46,Other
3138,Germany,30,Female
3139,Japan,45,Other
3140,Japan,29,Male
3141,Germany,34,Other
3142,Germany,63,Male
3143,Germany,25,Female
3144,United Kingdom,35,Female
3145,Germany,44,Male
3146,Japan,32,Other
3147,Germany,36,Male
3148,France,40,Other
3149,France,28,Female
3150,United States,31,Male
3151,United Kingdom,44,Other
3152,Japan,38,Female
3153,United States,38,Male
3154,Japan,28,Other
3155,United States,29,Female
3156,France,22,Female
3157,United Kingdom,37,Male
3158,Japan,47,Other
3159,United Kingdom,58,Male
3160,Germany,55,Female
3161,United Kingdom,36,Other
3162,United States,37,Female
3163,Germany,43,Male
3164,Japan,36,Female
3165,United Kingdom,44,Female
3166,Germany,26,Other
3167,Japan,22,Female
3168,Germany,54,Female
3169,Japan,41,Male
3170,Japan,57,Female
3171,Japan,39,Female
3172,United Kingdom,36,Female
3173,Japan,40,Other
3174,Germany,56,Male
3175,Japan,37,Female
3176,United Kingdom,51,Female
3177,Japan,28,Male
3178,Japan,18,Male
3179,United Kingdom,46,Female
3180,France,50,Female
3181,Germany,50,Other
3182,Germany,49,Male
3183,Germany,38,Male
3184,Germany,49,Other
3185,France,19,Female
3186,France,41,Other
3187,United States,45,Male
3188,United Kingdom,42,Male
3189,France,28,Male
3190,Germany,45,Male
3191,United Kingdom,50,Female
3192,United States,43,Male
3193,Germany,77,Other
3194,Germany,67,Other
3195,Japan,20,Female
3196,France,44,Female
3197,Germany,71,Other
3198,Japan,49,Male
3199,United States,46,Female
3200,United States,32,Other
3201,United States,40,Female
3202,Japan,26,Other
3203,United States,58,Male
3204,United States,59,Female
3205,Japan,43,Female
3206,United Kingdom,27,Male
3207,Germany,52,Female
3208,Japan,19,Other
3209,Japan,45,Other
3210,Japan,39,Other
3211,France,63,Male
3212,Japan,31,Female
3213,United States,40,Other
3214,United Kingdom,46,Male
3215,France,55,Other
3216,Germany,20,Other
3217,France,29,Male
3218,United Kingdom,26,Female
3219,Germany,72,Female
3220,Japan,46,Female
3221,Germany,43,Other
3222,Germany,44,Male
3223,United Kingdom,45,Male
3224,France,35,Other
3225,United States,42,Male
3226,Japan,32,Male
3227,France,44,Female
3228,United Kingdom,40,Female
3229,United Kingdom,50,Other
3230,Japan,42,Male
3231,United States,33,Female
3232,Germany,28,Female
3233,United States,48,Male
3234,United States,22,Other
3235,United States,26,Male
3236,Germany,73,Male
3237,Germany,42,Male
3238,Germany,37,Male
3239,United Kingdom,45,Male
3240,United Kingdom,48,Female
3241,United States,27,Other
3242,France,33,Other
3243,United States,21,Other
3244,Germany,44,Male
3245,France,59,Male
3246,United Kingdom,44,Male
3247,France,66,Male
3248,France,35,Other
3249,United States,21,Male
3250,Germany,44,Other
3251,United States,26,Female
3252,United Kingdom,57,Female
3253,United States,18,Other
3254,France,37,Other
3255,United States,45,Male
3256,Japan,23,Male
3257,United States,59,Other
3258,Japan,40,Female
3259,Japan,34,Male
3260,France,47,Female
3261,United States,18,Male
3262,France,42,Male
3263,United States,36,Male
3264,United Kingdom,40,Female
3265,France,48,Other
3266,United States,45,Other
3267,Germany,52,Male
3268,Germany,28,Female
3269,Japan,28,Male
3270,Germany,53,Other
3271,France,45,Female
3272,France,48,Male
3273,United States,43,Other
3274,United States,44,Male
3275,Japan,34,Male
3276,Germany,67,Other
3277,France,56,Male
3278,United States,33,Other
3279,France,27,Male
3280,France,46,Male
3281,Germany,47,Female
3282,United Kingdom,48,Other
3283,United States,52,Male
3284,United States,40,Male
3285,United States,24,Other
3286,United Kingdom,37,Other
3287,United Kingdom,35,Male
3288,United States,35,Female
3289,Germany,42,Other
3290,United States,37,Male
3291,Japan,34,Male
3292,United Kingdom,29,Other
3293,Germany,37,Other
3294,United States,35,Other
3295,France,23,Female
3296,France,54,Female
3297,United States,50,Other
3298,Japan,33,Other
3299,Japan,41,Other
3300,United Kingdom,38,Other
3301,United Kingdom,59,Other
3302,United Kingdom,37,Female
3303,Germany,66,Male
3304,Germany,68,Female
3305,United Kingdom,48,Female
3306,Germany,42,Male
3307,France,47,Male
3308,Japan,32,Female
3309,United States,45,Male
3310,Japan,35,Female
3311,France,46,Other
3312,United States,48,Other
3313,France,48,Female
3314,United Kingdom,37,Male
3315,Germany,38,Other
3316,Japan,49,Female
3317,France,32,Other
3318,Germany,34,Other
3319,Germany,33,Other
3320,Germany,46,Male
3321,Japan,30,Other
3322,Germany,52,Female
3323,United States,35,Other
3324,Japan,41,Other
3325,Germany,27,Other
3326,Germany,59,Other
3327,Germany,63,Male
3328,Japan,38,Female
3329,Germany,24,Other
3330,United Kingdom,28,Male
3331,Germany,32,Male
3332,Germany,66,Other
3333,Japan,36,Female
3334,United Kingdom,46,Female
3335,Germany,31,Female
3336,Germany,50,Other
3337,Japan,43,Other
3338,United Kingdom,28,Other
3339,United Kingdom,43,Other
3340,United States,50,Male
3341,United Kingdom,34,Male
3342,Japan,47,Female
3343,France,42,Other
3344,United States,42,Other
3345,United Kingdom,52,Other
3346,Japan,41,Male
3347,United States,32,Female
3348,Japan,33,Female
3349,United States,54,Male
3350,Japan,43,Male
3351,Japan,29,Other
3352,Japan,31,Female
3353,Germany,62,Other
3354,Germany,72,Other
3355,United Kingdom,42,Female
3356,Japan,47,Other
3357,United Kingdom,35,Other
3358,United Kingdom,44,Male
3359,France,48,Female
3360,Japan,34,Female
3361,France,65,Female
3362,Japan,33,Male
3363,United States,31,Female
3364,France,56,Female
3365,France,51,Female
3366,United States,32,Other
3367,Germany,48,Other
3368,Japan,33,Female
3369,United States,47,Other
3370,United States,48,Male
3371,Japan,37,Female
3372,United Kingdom,39,Male
3373,France,46,Male
3374,France,52,Male
3375,United Kingdom,51,Other
3376,United Kingdom,36,Other
3377,Germany,50,Other
3378,Japan,35,Female
3379,Germany,50,Other
3380,United States,33,Female
3381,Germany,69,Female
3382,United States,48,Female
3383,France,31,Other
3384,United Kingdom,53,Female
3385,United States,38,Female
3386,United States,41,Male
3387,United States,53,Male
3388,Germany,28,Female
3389,Japan,38,Female
3390,United Kingdom,40,Female
3391,Germany,45,Female
3392,United States,27,Other
3393,United States,52,Female
3394,United States,34,Other
3395,Germany,31,Other
3396,United Kingdom,48,Female
3397,Germany,31,Female
3398,France,37,Female
3399,Japan,40,Female
3400,Germany,31,Female
3401,Japan,36,Female
3402,Japan,40,Female
3403,United States,46,Male
3404,France,47,Other
3405,France,25,Female
3406,United States,41,Female
3407,France,40,Other
3408,Germany,57,Male
3409,Germany,29,Other
3410,France,67,Male
3411,Japan,47,Male
3412,United Kingdom,51,Male
3413,Japan,41,Other
3414,United Kingdom,46,Other
3415,Germany,49,Male
3416,Japan,28,Female
3417,United States,49,Other
3418,Japan,31,Other
3419,Japan,45,Other
3420,Japan,46,Other
3421,United Kingdom,28,Female
3422,Japan,44,Other
3423,Germany,27,Female
3424,United Kingdom,42,Male
3425,Germany,59,Male
3426,United Kingdom,24,Other
3427,United States,47,Female
3428,France,44,Other
3429,Germany,56,Other
3430,France,41,Other
3431,Germany,58,Male
3432,United States,62,Male
3433,United Kingdom,38,Other
3434,Japan,25,Male
3435,United States,26,Other
3436,France,59,Male
3437,France,41,Other
3438,Germany,67,Female
3439,Japan,18,Female
3440,Germany,47,Other
3441,United States,51,Male
3442,Japan,55,Male
3443,United Kingdom,31,Female
3444,United States,27,Male
3445,France,51,Other
3446,United States,41,Male
3447,Japan,25,Other
3448,Japan,39,Female
3449,Japan,18,Female
3450,Japan,51,Male
3451,Japan,43,Female
3452,Germany,63,Male
3453,United Kingdom,50,Other
3454,United States,44,Female
3455,United States,33,Other
3456,United Kingdom,25,Other
3457,United States,38,Female
3458,United Kingdom,38,Male
3459,United States,56,Male
3460,Germany,55,Male
3461,United Kingdom,50,Female
3462,France,48,Other
3463,Japan,42,Other
3464,United Kingdom,44,Female
3465,France,44,Male
3466,France,53,Male
3467,Japan,46,Female
3468,United Kingdom,41,Female
3469,Germany,50,Male
3470,France,50,Other
3471,France,57,Female
3472,United States,48,Female
3473,Japan,18,Other
3474,United States,50,Other
3475,France,37,Female
3476,United States,18,Other
3477,United Kingdom,39,Other
3478,Germany,54,Female
3479,United States,42,Female
3480,United States,40,Other
3481,Germany,25,Male
3482,United Kingdom,49,Other
3483,United States,31,Other
3484,United Kingdom,61,Male
3485,France,45,Other
3486,France,43,Male
3487,France,28,Male
3488,Germany,59,Other
3489,France,58,Female
3490,Germany,20,Female
3491,France,55,Male
3492,United States,35,Female
3493,United States,51,Male
3494,United States,30,Female
3495,France,49,Other
3496,Japan,23,Female
3497,Germany,34,Female
3498,United Kingdom,48,Other
3499,Japan,45,Other
3500,United Kingdom,54,Male
3501,Japan,23,Male
3502,Japan,36,Male
3503,Japan,42,Female
3504,United States,36,Female
3505,France,58,Female
3506,France,30,Male
3507,United Kingdom,51,Other
3508,Japan,40,Other
3509,Germany,28,Male
3510,France,39,Male
3511,United States,66,Other
3512,United States,44,Male
3513,France,29,Other
3514,United States,50,Female
3515,France,46,Male
3516,United Kingdom,31,Female
3517,United States,51,Male
3518,United States,45,Other
3519,Japan,27,Other
3520,France,22,Female
3521,Japan,27,Male
3522,Japan,43,Male
3523,United Kingdom,40,Male
3524,Japan,29,Other
3525,France,45,Male
3526,France,59,Other
3527,Germany,49,Male
3528,Germany,65,Other
3529,United Kingdom,36,Female
3530,France,55,Other
3531,United Kingdom,19,Male
3532,United Kingdom,52,Male
3533,United Kingdom,56,Male
3534,United States,46,Female
3535,France,66,Other
3536,Japan,48,Other
3537,Germany,43,Other
3538,United Kingdom,40,Female
3539,United States,35,Female
3540,France,35,Male
3541,United States,28,Female
3542,France,43,Female
3543,France,44,Male
3544,Japan,44,Female
3545,United States,43,Female
3546,Germany,40,Male
3547,Japan,45,Male
3548,Germany,53,Other
3549,United States,40,Female
3550,United States,40,Other
3551,United States,47,Male
3552,Germany,39,Other
3553,France,54,Other
3554,France,30,Other
3555,Germany,23,Other
3556,United States,25,Other
3557,France,52,Male
3558,Japan,30,Other
3559,Japan,41,Female
3560,France,59,Female
3561,United States,25,Female
3562,Japan,34,Other
3563,United Kingdom,39,Female
3564,Germany,37,Female
3565,United Kingdom,41,Male
3566,United Kingdom,47,Male
3567,United States,42,Other
3568,Japan,29,Other
3569,Japan,43,Male
3570,United States,40,Male
3571,United Kingdom,42,Female
3572,United States,44,Other
3573,Japan,32,Female
3574,Germany,29,Other
3575,Germany,56,Other
3576,United States,27,Female
3577,United States,44,Female
3578,Germany,41,Male
3579,United States,30,Female
3580,United Kingdom,38,Other
3581,France,60,Female
3582,Germany,39,Male
3583,United Kingdom,45,Other
3584,United States,54,Female
3585,United Kingdom,41,Female
3586,United Kingdom,37,Other
3587,United Kingdom,40,Male
3588,United States,51,Other
3589,United States,25,Female
3590,Japan,34,Female
3591,United Kingdom,29,Female
3592,United Kingdom,45,Female
3593,Germany,36,Male
3594,United Kingdom,23,Female
3595,United Kingdom,52,Other
3596,Germany,43,Male
3597,France,43,Male
3598,France,59,Other
3599,United States,42,Female
3600,France,38,Female
3601,United Kingdom,39,Male
3602,Germany,25,Other
3603,United States,61,Other
3604,United States,39,Other
3605,Germany,62,Male
3606,United States,24,Female
3607,Germany,43,Other
3608,Japan,36,Male
3609,France,40,Other
3610,United States,53,Female
3611,United Kingdom,52,Male
3612,United States,44,Male
3613,United Kingdom,39,Other
3614,United Kingdom,38,Male
3615,United States,57,Female
3616,United States,25,Male
3617,Germany,35,Male
3618,United Kingdom,28,Female
3619,United States,38,Female
3620,Germany,44,Other
3621,Germany,42,Other
3622,Japan,52,Other
3623,United States,23,Male
3624,Japan,35,Other
3625,United States,37,Female
3626,Japan,40,Female
3627,France,46,Male
3628,United Kingdom,33,Other
3629,France,40,Other
3630,Germany,25,Male
3631,United Kingdom,32,Female
3632,France,65,Female
3633,United States,18,Other
3634,France,39,Female
3635,France,52,Female
3636,France,48,Female
3637,France,45,Male
3638,Japan,34,Other
3639,Japan,55,Other
3640,France,56,Male
3641,Japan,41,Female
3642,Japan,24,Other
3643,Japan,39,Male
3644,Japan,39,Other
3645,United Kingdom,42,Female
3646,United Kingdom,53,Female
3647,Japan,47,Other
3648,Japan,20,Female
3649,United Kingdom,44,Other
3650,Japan,23,Male
3651,Germany,37,Male
3652,Japan,39,Other
3653,United Kingdom,35,Other
3654,France,43,Male
3655,United Kingdom,51,Other
3656,United Kingdom,34,Other
3657,Japan,18,Other
3658,United States,44,Female
3659,United States,45,Other
3660,United Kingdom,38,Female
3661,Germany,62,Male
3662,France,49,Female
3663,Germany,33,Male
3664,United Kingdom,32,Other
3665,United Kingdom,31,Female
3666,Japan,35,Female
3667,France,55,Other
3668,Japan,26,Male
3669,Japan,27,Female
3670,France,25,Female
3671,Japan,42,Other
3672,France,58,Female
3673,United States,48,Male
3674,Germany,34,Other
3675,United Kingdom,45,Female
3676,United States,48,Other
3677,Japan,44,Other
3678,Japan,30,Male
3679,United Kingdom,41,Other
3680,United Kingdom,18,Male
3681,France,27,Male
3682,United States,36,Male
3683,United Kingdom,41,Other
3684,United States,44,Male
3685,Japan,33,Female
3686,Japan,35,Male
3687,Japan,45,Female
3688,Germany,64,Other
3689,Germany,19,Male
3690,France,34,Other
3691,United States,59,Male
3692,Japan,32,Female
3693,Germany,50,Other
3694,United Kingdom,46,Other
3695,United Kingdom,47,Female
3696,Germany,76,Other
3697,Germany,38,Other
3698,Japan,45,Male
3699,Japan,42,Female
3700,France,37,Other
3701,United States,44,Other
3702,United States,36,Female
3703,France,49,Other
3704,United States,42,Other
3705,Germany,53,Other
3706,France,41,Female
3707,United Kingdom,58,Female
3708,United States,46,Female
3709,Germany,54,Female
3710,Japan,46,Other
3711,Japan,26,Other
3712,Germany,43,Other
3713,Japan,28,Male
3714,Japan,32,Other
3715,France,46,Other
3716,France,37,Female
3717,France,70,Female
3718,Japan,27,Female
3719,United Kingdom,50,Female
3720,Japan,40,Other
3721,Japan,45,Female
3722,France,39,Female
3723,United Kingdom,47,Female
3724,France,54,Other
3725,United States,30,Male
3726,France,34,Other
3727,United States,51,Other
3728,Japan,47,Female
3729,United States,28,Male
3730,United Kingdom,35,Male
3731,France,44,Other
3732,France,45,Other
3733,Germany,56,Female
3734,United Kingdom,35,Male
3735,France,32,Female
3736,United Kingdom,36,Female
3737,Japan,18,Other
3738,Japan,52,Male
3739,United Kingdom,48,Female
3740,Japan,53,Female
3741,United Kingdom,44,Male
3742,United Kingdom,36,Other
3743,United Kingdom,67,Other
3744,United States,48,Female
3745,United Kingdom,40,Male
3746,Germany,40,Male
3747,Germany,36,Male
3748,United States,50,Other
3749,United States,35,Other
3750,Germany,30,Female
3751,United Kingdom,50,Other
3752,Germany,53,Male
3753,United Kingdom,45,Female
3754,Germany,32,Female
3755,Japan,26,Other
3756,Japan,35,Other
3757,France,58,Male
3758,United States,46,Female
3759,Germany,23,Female
3760,France,56,Other
3761,United Kingdom,44,Male
3762,Japan,48,Female
3763,Germany,26,Male
3764,Japan,45,Male
3765,United States,21,Male
3766,Germany,39,Other
3767,Japan,33,Other
3768,Germany,76,Female
3769,United States,32,Other
3770,Germany,64,Male
3771,Japan,30,Other
3772,Germany,56,Other
3773,Japan,34,Female
3774,Japan,20,Other
3775,United States,37,Male
3776,United Kingdom,26,Male
3777,France,66,Female
3778,United States,18,Female
3779,France,30,Other
3780,Germany,41,Female
3781,Germany,56,Other
3782,United States,30,Female
3783,Japan,38,Other
3784,France,48,Male
3785,France,33,Female
3786,United States,47,Female
3787,Japan,44,Male
3788,United States,41,Female
3789,United States,40,Female
3790,Japan,38,Female
3791,France,60,Female
3792,Germany,55,Male
3793,United Kingdom,38,Female
3794,United States,57,Other
3795,United Kingdom,44,Female
3796,United States,58,Male
3797,United Kingdom,38,Male
3798,United States,45,Other
3799,Germany,28,Female
3800,United Kingdom,43,Male
3801,United Kingdom,50,Female
3802,United States,41,Male
3803,Japan,46,Female
3804,Germany,39,Male
3805,France,40,Male
3806,Japan,30,Female
3807,France,52,Female
3808,France,40,Female
3809,France,51,Female
3810,United States,33,Female
3811,Germany,60,Female
3812,France,41,Female
3813,Germany,36,Other
3814,Germany,26,Other
3815,Germany,28,Male
3816,United States,49,Male
3817,France,34,Female
3818,Germany,53,Male
3819,Germany,27,Male
3820,France,31,Other
3821,United States,38,Male
3822,United States,50,Female
3823,France,51,Other
3824,United Kingdom,39,Female
3825,Japan,21,Female
3826,France,40,Female
3827,United States,36,Other
3828,France,35,Female
3829,United Kingdom,41,Other
3830,Japan,29,Male
3831,United States,38,Female
3832,United States,48,Male
3833,United States,18,Other
3834,France,48,Male
3835,United States,27,Female
3836,United States,49,Other
3837,France,42,Male
3838,Japan,45,Female
3839,United States,40,Female
3840,Japan,44,Female
3841,United Kingdom,38,Other
3842,United Kingdom,49,Other
3843,United States,30,Male
3844,France,62,Female
3845,Germany,49,Female
3846,United Kingdom,54,Male
3847,France,54,Female
3848,France,50,Female
3849,Japan,51,Other
3850,France,41,Female
3851,Japan,44,Other
3852,United Kingdom,31,Other
3853,Germany,47,Male
3854,United Kingdom,35,Other
3855,France,21,Female
3856,France,32,Female
3857,Japan,29,Other
3858,Germany,64,Male
3859,Germany,59,Male
3860,United Kingdom,49,Female
3861,Germany,29,Male
3862,United Kingdom,40,Other
3863,Germany,43,Male
3864,United Kingdom,51,Male
3865,Japan,28,Other
3866,United Kingdom,41,Other
3867,France,29,Male
3868,Germany,66,Female
3869,Germany,49,Other
3870,Germany,27,Other
3871,Germany,39,Male
3872,Germany,35,Female
3873,Germany,59,Male
3874,Germany,45,Male
3875,Germany,40,Male
3775,United States,37,Male
3776,United Kingdom,26,Male
3777,France,66,Female
3778,United States,18,Female
3779,France,30,Other
3780,Germany,41,Female
3781,Germany,56,Other
3782,United States,30,Female
3783,Japan,38,Other
3784,France,48,Male
3785,France,33,Female
3786,United States,47,Female
3787,Japan,44,Male
3788,United States,41,Female
3789,United States,40,Female
3790,Japan,38,Female
3791,France,60,Female
3792,Germany,55,Male
3793,United Kingdom,38,Female
3794,United States,57,Other
3795,United Kingdom,44,Female
3796,United States,58,Male
3797,United Kingdom,38,Male
3798,United States,45,Other
3799,Germany,28,Female
3800,United Kingdom,43,Male
3801,United Kingdom,50,Female
3802,United States,41,Male
3803,Japan,46,Female
3804,Germany,39,Male
3805,France,40,Male
3806,Japan,30,Female
3807,France,52,Female
3808,France,40,Female
3809,France,51,Female
3810,United States,33,Female
3811,Germany,60,Female
3812,France,41,Female
3813,Germany,36,Other
3814,Germany,26,Other
3815,Germany,28,Male
3816,United States,49,Male
3817,France,34,Female
3818,Germany,53,Male
3819,Germany,27,Male
3820,France,31,Other
3821,United States,38,Male
3822,United States,50,Female
3823,France,51,Other
3824,United Kingdom,39,Female
3825,Japan,21,Female
3826,France,40,Female
3827,United States,36,Other
3828,France,35,Female
3829,United Kingdom,41,Other
3830,Japan,29,Male
3831,United States,38,Female
3832,United States,48,Male
3833,United States,18,Other
3834,France,48,Male
3835,United States,27,Female
3836,United States,49,Other
3837,France,42,Male
3838,Japan,45,Female
3839,United States,40,Female
3840,Japan,44,Female
3841,United Kingdom,38,Other
3842,United Kingdom,49,Other
3843,United States,30,Male
3844,France,62,Female
3845,Germany,49,Female
3846,United Kingdom,54,Male
3847,France,54,Female
3848,France,50,Female
3849,Japan,51,Other
3850,France,41,Female
3851,Japan,44,Other
3852,United Kingdom,31,Other
3853,Germany,47,Male
3854,United Kingdom,35,Other
3855,France,21,Female
3856,France,32,Female
3857,Japan,29,Other
3858,Germany,64,Male
3859,Germany,59,Male
3860,United Kingdom,49,Female
3861,Germany,29,Male
3862,United Kingdom,40,Other
3863,Germany,43,Male
3864,United Kingdom,51,Male
3865,Japan,28,Other
3866,United Kingdom,41,Other
3867,France,29,Male
3868,Germany,66,Female
3869,Germany,49,Other
3870,Japan,27,Other
3871,United States,39,Male
3872,United Kingdom,35,Female
3873,Germany,59,Male
3874,Japan,45,Male
3875,Germany,40,Male
